-- MySQL dump 10.13  Distrib 8.0.28, for Linux (x86_64)
--
-- Host: localhost    Database: Observested
-- ------------------------------------------------------
-- Server version	8.0.28

/*!40101 SET @OLD_CHARACTER_SET_CLIENT=@@CHARACTER_SET_CLIENT */;
/*!40101 SET @OLD_CHARACTER_SET_RESULTS=@@CHARACTER_SET_RESULTS */;
/*!40101 SET @OLD_COLLATION_CONNECTION=@@COLLATION_CONNECTION */;
/*!50503 SET NAMES utf8mb4 */;
/*!40103 SET @OLD_TIME_ZONE=@@TIME_ZONE */;
/*!40103 SET TIME_ZONE='+00:00' */;
/*!40014 SET @OLD_UNIQUE_CHECKS=@@UNIQUE_CHECKS, UNIQUE_CHECKS=0 */;
/*!40014 SET @OLD_FOREIGN_KEY_CHECKS=@@FOREIGN_KEY_CHECKS, FOREIGN_KEY_CHECKS=0 */;
/*!40101 SET @OLD_SQL_MODE=@@SQL_MODE, SQL_MODE='NO_AUTO_VALUE_ON_ZERO' */;
/*!40111 SET @OLD_SQL_NOTES=@@SQL_NOTES, SQL_NOTES=0 */;

--
-- Table structure for table `customers`
--

DROP TABLE IF EXISTS `customers`;
/*!40101 SET @saved_cs_client     = @@character_set_client */;
/*!50503 SET character_set_client = utf8mb4 */;
CREATE TABLE `customers` (
  `id` bigint unsigned NOT NULL AUTO_INCREMENT,
  `name` varchar(255) CHARACTER SET utf8mb4 COLLATE utf8mb4_unicode_ci NOT NULL,
  `surname` varchar(255) CHARACTER SET utf8mb4 COLLATE utf8mb4_unicode_ci NOT NULL,
  `age` varchar(255) CHARACTER SET utf8mb4 COLLATE utf8mb4_unicode_ci DEFAULT NULL,
  `created_at` datetime NOT NULL DEFAULT CURRENT_TIMESTAMP,
  `updated_at` datetime DEFAULT NULL ON UPDATE CURRENT_TIMESTAMP,
  PRIMARY KEY (`id`)
) ENGINE=InnoDB AUTO_INCREMENT=151 DEFAULT CHARSET=utf8mb4 COLLATE=utf8mb4_unicode_ci;
/*!40101 SET character_set_client = @saved_cs_client */;

--
-- Dumping data for table `customers`
--

LOCK TABLES `customers` WRITE;
/*!40000 ALTER TABLE `customers` DISABLE KEYS */;
INSERT INTO `customers` VALUES (1,'Lilian','Kohler','5','2022-06-11 12:34:28','2022-06-11 12:34:28'),(2,'Moses','Nader','45','2022-06-11 12:34:28','2022-06-11 12:34:28'),(3,'Sydnee','Zboncak','24','2022-06-11 12:34:28','2022-06-11 12:34:28'),(4,'Sophie','Bechtelar','57','2022-06-11 12:34:28','2022-06-11 12:34:28'),(5,'Tracey','Will','33','2022-06-11 12:34:28','2022-06-11 12:34:28'),(6,'Lavon','Grady','9','2022-06-11 12:34:28','2022-06-11 12:34:28'),(7,'Alfreda','Ullrich','29','2022-06-11 12:34:28','2022-06-11 12:34:28'),(8,'Sandy','Rau','38','2022-06-11 12:34:28','2022-06-11 12:34:28'),(9,'Shayne','Mann','12','2022-06-11 12:34:28','2022-06-11 12:34:28'),(10,'Bonnie','Sanford','42','2022-06-11 12:34:28','2022-06-11 12:34:28'),(11,'Aditya','Bahringer','23','2022-06-11 12:34:28','2022-06-11 12:34:28'),(12,'Emmalee','Reinger','72','2022-06-11 12:34:28','2022-06-11 12:34:28'),(13,'Darlene','Weissnat','45','2022-06-11 12:34:28','2022-06-11 12:34:28'),(14,'Ludwig','Swift','25','2022-06-11 12:34:28','2022-06-11 12:34:28'),(15,'Noelia','Marvin','32','2022-06-11 12:34:28','2022-06-11 12:34:28'),(16,'Jamie','Goodwin','4','2022-06-11 12:34:28','2022-06-11 12:34:28'),(17,'Claire','Thiel','13','2022-06-11 12:34:28','2022-06-11 12:34:28'),(18,'Lauretta','Turner','31','2022-06-11 12:34:28','2022-06-11 12:34:28'),(19,'Naomie','Gerhold','4','2022-06-11 12:34:28','2022-06-11 12:34:28'),(20,'Asia','Rowe','36','2022-06-11 12:34:28','2022-06-11 12:34:28'),(21,'Lemuel','Dach','82','2022-06-11 12:34:28','2022-06-11 12:34:28'),(22,'Heaven','Shanahan','37','2022-06-11 12:34:28','2022-06-11 12:34:28'),(23,'Elise','Crist','34','2022-06-11 12:34:28','2022-06-11 12:34:28'),(24,'Hershel','Lebsack','74','2022-06-11 12:34:28','2022-06-11 12:34:28'),(25,'Dante','Gorczany','65','2022-06-11 12:34:28','2022-06-11 12:34:28'),(26,'Delmer','Homenick','77','2022-06-11 12:34:28','2022-06-11 12:34:28'),(27,'Marguerite','Bayer','85','2022-06-11 12:34:28','2022-06-11 12:34:28'),(28,'Elsie','Morissette','66','2022-06-11 12:34:28','2022-06-11 12:34:28'),(29,'Ian','McDermott','66','2022-06-11 12:34:28','2022-06-11 12:34:28'),(30,'Albina','Gutmann','39','2022-06-11 12:34:28','2022-06-11 12:34:28'),(31,'Federico','Moen','35','2022-06-11 12:34:29','2022-06-11 12:34:29'),(32,'Laila','Weimann','12','2022-06-11 12:34:29','2022-06-11 12:34:29'),(33,'Elbert','Mraz','19','2022-06-11 12:34:29','2022-06-11 12:34:29'),(34,'Janie','Emard','60','2022-06-11 12:34:29','2022-06-11 12:34:29'),(35,'Gia','Pfeffer','34','2022-06-11 12:34:29','2022-06-11 12:34:29'),(36,'Delores','Gutmann','85','2022-06-11 12:34:29','2022-06-11 12:34:29'),(37,'Berry','Ondricka','74','2022-06-11 12:34:29','2022-06-11 12:34:29'),(38,'Cheyenne','Franecki','74','2022-06-11 12:34:29','2022-06-11 12:34:29'),(39,'Jermaine','Kessler','49','2022-06-11 12:34:29','2022-06-11 12:34:29'),(40,'Frida','Macejkovic','82','2022-06-11 12:34:29','2022-06-11 12:34:29'),(41,'Jayne','Rau','68','2022-06-11 12:34:29','2022-06-11 12:34:29'),(42,'Jerrell','Durgan','85','2022-06-11 12:34:29','2022-06-11 12:34:29'),(43,'Mariana','Breitenberg','88','2022-06-11 12:34:29','2022-06-11 12:34:29'),(44,'Angelica','Maggio','27','2022-06-11 12:34:29','2022-06-11 12:34:29'),(45,'Eli','Stehr','48','2022-06-11 12:34:29','2022-06-11 12:34:29'),(46,'Shanon','Christiansen','59','2022-06-11 12:34:29','2022-06-11 12:34:29'),(47,'Briana','Renner','58','2022-06-11 12:34:29','2022-06-11 12:34:29'),(48,'Clifton','Rohan','63','2022-06-11 12:34:29','2022-06-11 12:34:29'),(49,'Rickie','Bashirian','9','2022-06-11 12:34:29','2022-06-11 12:34:29'),(50,'Renee','Hermann','39','2022-06-11 12:34:29','2022-06-11 12:34:29'),(51,'Danika','Rau','70','2022-06-11 12:34:29','2022-06-11 12:34:29'),(52,'Abigayle','Moore','24','2022-06-11 12:34:29','2022-06-11 12:34:29'),(53,'Keira','Howe','15','2022-06-11 12:34:29','2022-06-11 12:34:29'),(54,'Casimer','Zieme','6','2022-06-11 12:34:29','2022-06-11 12:34:29'),(55,'Manuela','Bogan','34','2022-06-11 12:34:29','2022-06-11 12:34:29'),(56,'Jayme','Glover','27','2022-06-11 12:34:29','2022-06-11 12:34:29'),(57,'Felicia','Borer','28','2022-06-11 12:34:29','2022-06-11 12:34:29'),(58,'Blake','Grady','80','2022-06-11 12:34:29','2022-06-11 12:34:29'),(59,'Micaela','Hauck','12','2022-06-11 12:34:29','2022-06-11 12:34:29'),(60,'Jan','Bauch','18','2022-06-11 12:34:29','2022-06-11 12:34:29'),(61,'Camylle','Brakus','67','2022-06-11 12:34:29','2022-06-11 12:34:29'),(62,'Jayme','Ryan','46','2022-06-11 12:34:29','2022-06-11 12:34:29'),(63,'Millie','Glover','44','2022-06-11 12:34:29','2022-06-11 12:34:29'),(64,'Erica','King','16','2022-06-11 12:34:29','2022-06-11 12:34:29'),(65,'Hayley','Beahan','28','2022-06-11 12:34:29','2022-06-11 12:34:29'),(66,'Rachael','Rodriguez','28','2022-06-11 12:34:29','2022-06-11 12:34:29'),(67,'Sydnie','Swaniawski','59','2022-06-11 12:34:29','2022-06-11 12:34:29'),(68,'Leda','Bergstrom','42','2022-06-11 12:34:29','2022-06-11 12:34:29'),(69,'Doyle','Dare','85','2022-06-11 12:34:29','2022-06-11 12:34:29'),(70,'Arden','Cormier','48','2022-06-11 12:34:29','2022-06-11 12:34:29'),(71,'Ana','Bartoletti','28','2022-06-11 12:34:29','2022-06-11 12:34:29'),(72,'Dulce','Daniel','43','2022-06-11 12:34:29','2022-06-11 12:34:29'),(73,'Adan','Dickens','40','2022-06-11 12:34:29','2022-06-11 12:34:29'),(74,'Eleonore','Adams','75','2022-06-11 12:34:29','2022-06-11 12:34:29'),(75,'Alexandra','Kuhn','40','2022-06-11 12:34:29','2022-06-11 12:34:29'),(76,'Cesar','Torp','6','2022-06-11 12:34:29','2022-06-11 12:34:29'),(77,'Frances','Monahan','74','2022-06-11 12:34:29','2022-06-11 12:34:29'),(78,'Zane','Lehner','10','2022-06-11 12:34:29','2022-06-11 12:34:29'),(79,'Pink','Mante','5','2022-06-11 12:34:29','2022-06-11 12:34:29'),(80,'Wilfredo','Emmerich','44','2022-06-11 12:34:29','2022-06-11 12:34:29'),(81,'Darrin','Christiansen','7','2022-06-11 12:34:29','2022-06-11 12:34:29'),(82,'Corbin','Pfannerstill','28','2022-06-11 12:34:29','2022-06-11 12:34:29'),(83,'Dena','Langosh','27','2022-06-11 12:34:29','2022-06-11 12:34:29'),(84,'Rickey','Weissnat','13','2022-06-11 12:34:29','2022-06-11 12:34:29'),(85,'Rocky','Vandervort','76','2022-06-11 12:34:29','2022-06-11 12:34:29'),(86,'Milo','Ritchie','86','2022-06-11 12:34:29','2022-06-11 12:34:29'),(87,'Karson','Connelly','66','2022-06-11 12:34:29','2022-06-11 12:34:29'),(88,'Kory','Hill','14','2022-06-11 12:34:29','2022-06-11 12:34:29'),(89,'Asia','Kutch','73','2022-06-11 12:34:29','2022-06-11 12:34:29'),(90,'Beth','Walter','61','2022-06-11 12:34:29','2022-06-11 12:34:29'),(91,'Kadin','Batz','16','2022-06-11 12:34:29','2022-06-11 12:34:29'),(92,'Chanel','Franecki','61','2022-06-11 12:34:29','2022-06-11 12:34:29'),(93,'Isabella','Bauch','79','2022-06-11 12:34:29','2022-06-11 12:34:29'),(94,'Jessyca','Lesch','73','2022-06-11 12:34:29','2022-06-11 12:34:29'),(95,'Kavon','Kuphal','24','2022-06-11 12:34:29','2022-06-11 12:34:29'),(96,'Ruthe','Marks','74','2022-06-11 12:34:29','2022-06-11 12:34:29'),(97,'Kirk','Borer','50','2022-06-11 12:34:29','2022-06-11 12:34:29'),(98,'Elinore','Gutkowski','90','2022-06-11 12:34:29','2022-06-11 12:34:29'),(99,'Elian','Gleichner','29','2022-06-11 12:34:29','2022-06-11 12:34:29'),(100,'Stella','Goodwin','47','2022-06-11 12:34:29','2022-06-11 12:34:29'),(101,'Keira','Jacobi','29','2022-06-11 12:34:29','2022-06-11 12:34:29'),(102,'Aliza','Wiegand','5','2022-06-11 12:34:29','2022-06-11 12:34:29'),(103,'Fritz','Witting','71','2022-06-11 12:34:29','2022-06-11 12:34:29'),(104,'Keara','Lueilwitz','5','2022-06-11 12:34:29','2022-06-11 12:34:29'),(105,'Ed','Jacobson','35','2022-06-11 12:34:29','2022-06-11 12:34:29'),(106,'Ruthe','Ullrich','9','2022-06-11 12:34:29','2022-06-11 12:34:29'),(107,'Nona','McClure','67','2022-06-11 12:34:29','2022-06-11 12:34:29'),(108,'Jordane','Hayes','65','2022-06-11 12:34:29','2022-06-11 12:34:29'),(109,'Reagan','Stanton','59','2022-06-11 12:34:29','2022-06-11 12:34:29'),(110,'Amir','Oberbrunner','57','2022-06-11 12:34:29','2022-06-11 12:34:29'),(111,'Mavis','Bailey','47','2022-06-11 12:34:29','2022-06-11 12:34:29'),(112,'Ally','Balistreri','60','2022-06-11 12:34:29','2022-06-11 12:34:29'),(113,'Maria','Wisoky','41','2022-06-11 12:34:29','2022-06-11 12:34:29'),(114,'Joanie','Littel','6','2022-06-11 12:34:29','2022-06-11 12:34:29'),(115,'Santino','Bashirian','52','2022-06-11 12:34:29','2022-06-11 12:34:29'),(116,'Samir','Smitham','17','2022-06-11 12:34:29','2022-06-11 12:34:29'),(117,'Johnny','Marks','16','2022-06-11 12:34:29','2022-06-11 12:34:29'),(118,'Stanford','Weimann','49','2022-06-11 12:34:29','2022-06-11 12:34:29'),(119,'Antonette','Kling','10','2022-06-11 12:34:29','2022-06-11 12:34:29'),(120,'Elena','Becker','22','2022-06-11 12:34:29','2022-06-11 12:34:29'),(121,'Jeffrey','Kris','64','2022-06-11 12:34:29','2022-06-11 12:34:29'),(122,'Natalia','Quitzon','28','2022-06-11 12:34:29','2022-06-11 12:34:29'),(123,'Royal','Murray','37','2022-06-11 12:34:29','2022-06-11 12:34:29'),(124,'Junius','Lynch','71','2022-06-11 12:34:29','2022-06-11 12:34:29'),(125,'Javonte','Schultz','4','2022-06-11 12:34:29','2022-06-11 12:34:29'),(126,'Leonor','Rohan','78','2022-06-11 12:34:29','2022-06-11 12:34:29'),(127,'Alberta','Borer','70','2022-06-11 12:34:29','2022-06-11 12:34:29'),(128,'Roma','Turcotte','15','2022-06-11 12:34:29','2022-06-11 12:34:29'),(129,'Arne','Fadel','63','2022-06-11 12:34:29','2022-06-11 12:34:29'),(130,'Chasity','Halvorson','38','2022-06-11 12:34:29','2022-06-11 12:34:29'),(131,'Rebecca','Schroeder','15','2022-06-11 12:34:29','2022-06-11 12:34:29'),(132,'Johnson','Cormier','79','2022-06-11 12:34:29','2022-06-11 12:34:29'),(133,'Margot','Mraz','60','2022-06-11 12:34:29','2022-06-11 12:34:29'),(134,'Chloe','Hegmann','83','2022-06-11 12:34:29','2022-06-11 12:34:29'),(135,'Claudine','Smith','61','2022-06-11 12:34:29','2022-06-11 12:34:29'),(136,'Sebastian','Casper','7','2022-06-11 12:34:29','2022-06-11 12:34:29'),(137,'Meghan','Toy','86','2022-06-11 12:34:29','2022-06-11 12:34:29'),(138,'Berenice','Haag','74','2022-06-11 12:34:29','2022-06-11 12:34:29'),(139,'Clifton','O\'Kon','35','2022-06-11 12:34:29','2022-06-11 12:34:29'),(140,'Jennie','Purdy','15','2022-06-11 12:34:29','2022-06-11 12:34:29'),(141,'Laisha','Upton','83','2022-06-11 12:34:29','2022-06-11 12:34:29'),(142,'Lottie','Towne','70','2022-06-11 12:34:29','2022-06-11 12:34:29'),(143,'Helga','Hane','78','2022-06-11 12:34:29','2022-06-11 12:34:29'),(144,'Ruth','Bayer','43','2022-06-11 12:34:29','2022-06-11 12:34:29'),(145,'Keshaun','Hudson','28','2022-06-11 12:34:29','2022-06-11 12:34:29'),(146,'Lilian','Schinner','13','2022-06-11 12:34:29','2022-06-11 12:34:29'),(147,'Stacey','Feeney','56','2022-06-11 12:34:29','2022-06-11 12:34:29'),(148,'Vella','VonRueden','66','2022-06-11 12:34:29','2022-06-11 12:34:29'),(149,'Pattie','Ward','64','2022-06-11 12:34:29','2022-06-11 12:34:29'),(150,'Cordia','Nienow','17','2022-06-11 12:34:29','2022-06-11 12:34:29');
/*!40000 ALTER TABLE `customers` ENABLE KEYS */;
UNLOCK TABLES;

--
-- Table structure for table `customers_places`
--

DROP TABLE IF EXISTS `customers_places`;
/*!40101 SET @saved_cs_client     = @@character_set_client */;
/*!50503 SET character_set_client = utf8mb4 */;
CREATE TABLE `customers_places` (
  `id` bigint unsigned NOT NULL AUTO_INCREMENT,
  `customer_id` bigint unsigned NOT NULL,
  `place_id` bigint unsigned NOT NULL,
  `spend_money` double(8,2) NOT NULL,
  `created_at` datetime NOT NULL DEFAULT CURRENT_TIMESTAMP,
  `updated_at` datetime DEFAULT NULL ON UPDATE CURRENT_TIMESTAMP,
  PRIMARY KEY (`id`),
  KEY `customers_places_customer_id_foreign` (`customer_id`),
  KEY `customers_places_place_id_foreign` (`place_id`),
  CONSTRAINT `customers_places_customer_id_foreign` FOREIGN KEY (`customer_id`) REFERENCES `customers` (`id`) ON DELETE CASCADE,
  CONSTRAINT `customers_places_place_id_foreign` FOREIGN KEY (`place_id`) REFERENCES `places` (`id`) ON DELETE CASCADE
) ENGINE=InnoDB AUTO_INCREMENT=786 DEFAULT CHARSET=utf8mb4 COLLATE=utf8mb4_unicode_ci;
/*!40101 SET character_set_client = @saved_cs_client */;

--
-- Dumping data for table `customers_places`
--

LOCK TABLES `customers_places` WRITE;
/*!40000 ALTER TABLE `customers_places` DISABLE KEYS */;
INSERT INTO `customers_places` VALUES (1,1,2,932.00,'2021-07-17 00:00:00',NULL),(2,1,3,932.00,'2021-07-17 00:00:00',NULL),(3,1,4,932.00,'2021-07-17 00:00:00',NULL),(4,1,6,932.00,'2021-07-17 00:00:00',NULL),(5,1,7,932.00,'2021-07-17 00:00:00',NULL),(6,1,8,932.00,'2021-07-17 00:00:00',NULL),(7,1,9,932.00,'2021-07-17 00:00:00',NULL),(8,2,1,5160.00,'2021-06-22 00:00:00',NULL),(9,2,2,5160.00,'2021-06-22 00:00:00',NULL),(10,2,3,5160.00,'2021-06-22 00:00:00',NULL),(11,2,4,5160.00,'2021-06-22 00:00:00',NULL),(12,2,5,5160.00,'2021-06-22 00:00:00',NULL),(13,2,7,5160.00,'2021-06-22 00:00:00',NULL),(14,2,9,5160.00,'2021-06-22 00:00:00',NULL),(15,2,10,5160.00,'2021-06-22 00:00:00',NULL),(16,3,2,7674.00,'2022-02-23 00:00:00',NULL),(17,3,3,7674.00,'2022-02-23 00:00:00',NULL),(18,3,6,7674.00,'2022-02-23 00:00:00',NULL),(19,3,9,7674.00,'2022-02-23 00:00:00',NULL),(20,3,10,7674.00,'2022-02-23 00:00:00',NULL),(21,4,2,5132.00,'2022-03-31 00:00:00',NULL),(22,4,4,5132.00,'2022-03-31 00:00:00',NULL),(23,4,6,5132.00,'2022-03-31 00:00:00',NULL),(24,4,7,5132.00,'2022-03-31 00:00:00',NULL),(25,4,8,5132.00,'2022-03-31 00:00:00',NULL),(26,4,9,5132.00,'2022-03-31 00:00:00',NULL),(27,5,2,4038.00,'2022-03-05 00:00:00',NULL),(28,5,3,4038.00,'2022-03-05 00:00:00',NULL),(29,5,4,4038.00,'2022-03-05 00:00:00',NULL),(30,5,5,4038.00,'2022-03-05 00:00:00',NULL),(31,5,6,4038.00,'2022-03-05 00:00:00',NULL),(32,5,7,4038.00,'2022-03-05 00:00:00',NULL),(33,5,8,4038.00,'2022-03-05 00:00:00',NULL),(34,5,9,4038.00,'2022-03-05 00:00:00',NULL),(35,5,10,4038.00,'2022-03-05 00:00:00',NULL),(36,6,1,3369.00,'2022-01-17 00:00:00',NULL),(37,6,6,3369.00,'2022-01-17 00:00:00',NULL),(38,6,8,3369.00,'2022-01-17 00:00:00',NULL),(39,6,9,3369.00,'2022-01-17 00:00:00',NULL),(40,7,2,3864.00,'2021-08-07 00:00:00',NULL),(41,7,3,3864.00,'2021-08-07 00:00:00',NULL),(42,7,5,3864.00,'2021-08-07 00:00:00',NULL),(43,7,7,3864.00,'2021-08-07 00:00:00',NULL),(44,7,8,3864.00,'2021-08-07 00:00:00',NULL),(45,7,10,3864.00,'2021-08-07 00:00:00',NULL),(46,8,5,6897.00,'2021-08-22 00:00:00',NULL),(47,8,8,6897.00,'2021-08-22 00:00:00',NULL),(48,8,10,6897.00,'2021-08-22 00:00:00',NULL),(49,9,2,5813.00,'2021-07-30 00:00:00',NULL),(50,9,3,5813.00,'2021-07-30 00:00:00',NULL),(51,9,4,5813.00,'2021-07-30 00:00:00',NULL),(52,9,5,5813.00,'2021-07-30 00:00:00',NULL),(53,9,9,5813.00,'2021-07-30 00:00:00',NULL),(54,9,10,5813.00,'2021-07-30 00:00:00',NULL),(55,10,3,8547.00,'2021-11-29 00:00:00',NULL),(56,10,4,8547.00,'2021-11-29 00:00:00',NULL),(57,10,6,8547.00,'2021-11-29 00:00:00',NULL),(58,11,1,2145.00,'2022-03-27 00:00:00',NULL),(59,11,2,2145.00,'2022-03-27 00:00:00',NULL),(60,11,3,2145.00,'2022-03-27 00:00:00',NULL),(61,11,4,2145.00,'2022-03-27 00:00:00',NULL),(62,11,5,2145.00,'2022-03-27 00:00:00',NULL),(63,11,6,2145.00,'2022-03-27 00:00:00',NULL),(64,11,7,2145.00,'2022-03-27 00:00:00',NULL),(65,11,8,2145.00,'2022-03-27 00:00:00',NULL),(66,12,1,2242.00,'2021-08-27 00:00:00',NULL),(67,12,3,2242.00,'2021-08-27 00:00:00',NULL),(68,12,5,2242.00,'2021-08-27 00:00:00',NULL),(69,12,6,2242.00,'2021-08-27 00:00:00',NULL),(70,12,8,2242.00,'2021-08-27 00:00:00',NULL),(71,13,1,7416.00,'2021-12-23 00:00:00',NULL),(72,13,2,7416.00,'2021-12-23 00:00:00',NULL),(73,13,3,7416.00,'2021-12-23 00:00:00',NULL),(74,13,4,7416.00,'2021-12-23 00:00:00',NULL),(75,13,5,7416.00,'2021-12-23 00:00:00',NULL),(76,13,6,7416.00,'2021-12-23 00:00:00',NULL),(77,13,7,7416.00,'2021-12-23 00:00:00',NULL),(78,13,8,7416.00,'2021-12-23 00:00:00',NULL),(79,13,9,7416.00,'2021-12-23 00:00:00',NULL),(80,13,10,7416.00,'2021-12-23 00:00:00',NULL),(81,14,4,3208.00,'2021-11-06 00:00:00',NULL),(82,14,7,3208.00,'2021-11-06 00:00:00',NULL),(83,14,9,3208.00,'2021-11-06 00:00:00',NULL),(84,14,10,3208.00,'2021-11-06 00:00:00',NULL),(85,15,8,339.00,'2022-03-17 00:00:00',NULL),(86,16,3,5690.00,'2021-09-01 00:00:00',NULL),(87,16,5,5690.00,'2021-09-01 00:00:00',NULL),(88,16,6,5690.00,'2021-09-01 00:00:00',NULL),(89,16,7,5690.00,'2021-09-01 00:00:00',NULL),(90,16,10,5690.00,'2021-09-01 00:00:00',NULL),(91,17,7,2330.00,'2021-06-21 00:00:00',NULL),(92,17,9,2330.00,'2021-06-21 00:00:00',NULL),(93,18,3,3388.00,'2022-04-06 00:00:00',NULL),(94,18,4,3388.00,'2022-04-06 00:00:00',NULL),(95,18,5,3388.00,'2022-04-06 00:00:00',NULL),(96,18,9,3388.00,'2022-04-06 00:00:00',NULL),(97,18,10,3388.00,'2022-04-06 00:00:00',NULL),(98,19,1,6094.00,'2022-05-19 00:00:00',NULL),(99,19,2,6094.00,'2022-05-19 00:00:00',NULL),(100,19,4,6094.00,'2022-05-19 00:00:00',NULL),(101,19,5,6094.00,'2022-05-19 00:00:00',NULL),(102,19,8,6094.00,'2022-05-19 00:00:00',NULL),(103,19,9,6094.00,'2022-05-19 00:00:00',NULL),(104,19,10,6094.00,'2022-05-19 00:00:00',NULL),(105,20,5,1903.00,'2021-11-22 00:00:00',NULL),(106,20,6,1903.00,'2021-11-22 00:00:00',NULL),(107,20,9,1903.00,'2021-11-22 00:00:00',NULL),(108,21,2,7896.00,'2021-10-22 00:00:00',NULL),(109,21,4,7896.00,'2021-10-22 00:00:00',NULL),(110,21,7,7896.00,'2021-10-22 00:00:00',NULL),(111,21,8,7896.00,'2021-10-22 00:00:00',NULL),(112,21,9,7896.00,'2021-10-22 00:00:00',NULL),(113,21,10,7896.00,'2021-10-22 00:00:00',NULL),(114,22,3,2060.00,'2022-03-15 00:00:00',NULL),(115,22,5,2060.00,'2022-03-15 00:00:00',NULL),(116,22,6,2060.00,'2022-03-15 00:00:00',NULL),(117,22,9,2060.00,'2022-03-15 00:00:00',NULL),(118,22,10,2060.00,'2022-03-15 00:00:00',NULL),(119,23,1,6491.00,'2021-10-18 00:00:00',NULL),(120,24,3,2621.00,'2022-04-11 00:00:00',NULL),(121,24,6,2621.00,'2022-04-11 00:00:00',NULL),(122,24,9,2621.00,'2022-04-11 00:00:00',NULL),(123,25,1,3506.00,'2021-10-16 00:00:00',NULL),(124,25,2,3506.00,'2021-10-16 00:00:00',NULL),(125,25,3,3506.00,'2021-10-16 00:00:00',NULL),(126,25,4,3506.00,'2021-10-16 00:00:00',NULL),(127,25,5,3506.00,'2021-10-16 00:00:00',NULL),(128,25,7,3506.00,'2021-10-16 00:00:00',NULL),(129,25,10,3506.00,'2021-10-16 00:00:00',NULL),(130,26,1,2600.00,'2022-01-01 00:00:00',NULL),(131,26,2,2600.00,'2022-01-01 00:00:00',NULL),(132,26,3,2600.00,'2022-01-01 00:00:00',NULL),(133,26,4,2600.00,'2022-01-01 00:00:00',NULL),(134,26,8,2600.00,'2022-01-01 00:00:00',NULL),(135,26,10,2600.00,'2022-01-01 00:00:00',NULL),(136,27,3,3852.00,'2022-04-30 00:00:00',NULL),(137,27,9,3852.00,'2022-04-30 00:00:00',NULL),(138,28,5,8822.00,'2021-09-26 00:00:00',NULL),(139,28,9,8822.00,'2021-09-26 00:00:00',NULL),(140,28,10,8822.00,'2021-09-26 00:00:00',NULL),(141,29,3,1892.00,'2021-12-20 00:00:00',NULL),(142,29,7,1892.00,'2021-12-20 00:00:00',NULL),(143,30,1,7817.00,'2022-03-21 00:00:00',NULL),(144,30,3,7817.00,'2022-03-21 00:00:00',NULL),(145,30,4,7817.00,'2022-03-21 00:00:00',NULL),(146,30,5,7817.00,'2022-03-21 00:00:00',NULL),(147,30,6,7817.00,'2022-03-21 00:00:00',NULL),(148,30,7,7817.00,'2022-03-21 00:00:00',NULL),(149,30,8,7817.00,'2022-03-21 00:00:00',NULL),(150,30,9,7817.00,'2022-03-21 00:00:00',NULL),(151,31,1,8461.00,'2022-05-24 00:00:00',NULL),(152,31,3,8461.00,'2022-05-24 00:00:00',NULL),(153,31,5,8461.00,'2022-05-24 00:00:00',NULL),(154,31,6,8461.00,'2022-05-24 00:00:00',NULL),(155,31,7,8461.00,'2022-05-24 00:00:00',NULL),(156,31,8,8461.00,'2022-05-24 00:00:00',NULL),(157,31,9,8461.00,'2022-05-24 00:00:00',NULL),(158,32,1,3050.00,'2022-02-06 00:00:00',NULL),(159,32,2,3050.00,'2022-02-06 00:00:00',NULL),(160,32,4,3050.00,'2022-02-06 00:00:00',NULL),(161,32,7,3050.00,'2022-02-06 00:00:00',NULL),(162,32,8,3050.00,'2022-02-06 00:00:00',NULL),(163,32,10,3050.00,'2022-02-06 00:00:00',NULL),(164,33,1,3893.00,'2022-03-08 00:00:00',NULL),(165,33,3,3893.00,'2022-03-08 00:00:00',NULL),(166,33,5,3893.00,'2022-03-08 00:00:00',NULL),(167,33,6,3893.00,'2022-03-08 00:00:00',NULL),(168,33,7,3893.00,'2022-03-08 00:00:00',NULL),(169,33,8,3893.00,'2022-03-08 00:00:00',NULL),(170,33,9,3893.00,'2022-03-08 00:00:00',NULL),(171,33,10,3893.00,'2022-03-08 00:00:00',NULL),(172,34,2,1085.00,'2021-11-28 00:00:00',NULL),(173,34,3,1085.00,'2021-11-28 00:00:00',NULL),(174,34,4,1085.00,'2021-11-28 00:00:00',NULL),(175,34,5,1085.00,'2021-11-28 00:00:00',NULL),(176,34,7,1085.00,'2021-11-28 00:00:00',NULL),(177,34,8,1085.00,'2021-11-28 00:00:00',NULL),(178,34,9,1085.00,'2021-11-28 00:00:00',NULL),(179,35,2,6754.00,'2021-06-11 00:00:00',NULL),(180,35,3,6754.00,'2021-06-11 00:00:00',NULL),(181,35,5,6754.00,'2021-06-11 00:00:00',NULL),(182,35,6,6754.00,'2021-06-11 00:00:00',NULL),(183,35,8,6754.00,'2021-06-11 00:00:00',NULL),(184,35,9,6754.00,'2021-06-11 00:00:00',NULL),(185,35,10,6754.00,'2021-06-11 00:00:00',NULL),(186,36,3,1035.00,'2021-08-26 00:00:00',NULL),(187,36,6,1035.00,'2021-08-26 00:00:00',NULL),(188,37,1,2850.00,'2022-05-19 00:00:00',NULL),(189,37,3,2850.00,'2022-05-19 00:00:00',NULL),(190,37,4,2850.00,'2022-05-19 00:00:00',NULL),(191,37,5,2850.00,'2022-05-19 00:00:00',NULL),(192,37,10,2850.00,'2022-05-19 00:00:00',NULL),(193,38,1,869.00,'2022-02-19 00:00:00',NULL),(194,38,2,869.00,'2022-02-19 00:00:00',NULL),(195,38,3,869.00,'2022-02-19 00:00:00',NULL),(196,38,4,869.00,'2022-02-19 00:00:00',NULL),(197,38,5,869.00,'2022-02-19 00:00:00',NULL),(198,38,6,869.00,'2022-02-19 00:00:00',NULL),(199,38,8,869.00,'2022-02-19 00:00:00',NULL),(200,38,9,869.00,'2022-02-19 00:00:00',NULL),(201,38,10,869.00,'2022-02-19 00:00:00',NULL),(202,39,3,644.00,'2022-02-14 00:00:00',NULL),(203,39,10,644.00,'2022-02-14 00:00:00',NULL),(204,40,1,5531.00,'2022-03-23 00:00:00',NULL),(205,40,2,5531.00,'2022-03-23 00:00:00',NULL),(206,40,3,5531.00,'2022-03-23 00:00:00',NULL),(207,40,4,5531.00,'2022-03-23 00:00:00',NULL),(208,40,5,5531.00,'2022-03-23 00:00:00',NULL),(209,40,6,5531.00,'2022-03-23 00:00:00',NULL),(210,40,7,5531.00,'2022-03-23 00:00:00',NULL),(211,40,8,5531.00,'2022-03-23 00:00:00',NULL),(212,40,10,5531.00,'2022-03-23 00:00:00',NULL),(213,41,1,5472.00,'2022-04-04 00:00:00',NULL),(214,41,3,5472.00,'2022-04-04 00:00:00',NULL),(215,41,4,5472.00,'2022-04-04 00:00:00',NULL),(216,41,5,5472.00,'2022-04-04 00:00:00',NULL),(217,41,6,5472.00,'2022-04-04 00:00:00',NULL),(218,41,7,5472.00,'2022-04-04 00:00:00',NULL),(219,41,8,5472.00,'2022-04-04 00:00:00',NULL),(220,41,9,5472.00,'2022-04-04 00:00:00',NULL),(221,41,10,5472.00,'2022-04-04 00:00:00',NULL),(222,42,1,8298.00,'2021-10-01 00:00:00',NULL),(223,42,3,8298.00,'2021-10-01 00:00:00',NULL),(224,42,6,8298.00,'2021-10-01 00:00:00',NULL),(225,43,3,1599.00,'2022-05-10 00:00:00',NULL),(226,43,4,1599.00,'2022-05-10 00:00:00',NULL),(227,43,5,1599.00,'2022-05-10 00:00:00',NULL),(228,43,10,1599.00,'2022-05-10 00:00:00',NULL),(229,44,1,4197.00,'2022-05-26 00:00:00',NULL),(230,44,6,4197.00,'2022-05-26 00:00:00',NULL),(231,44,7,4197.00,'2022-05-26 00:00:00',NULL),(232,45,1,8934.00,'2022-01-02 00:00:00',NULL),(233,45,2,8934.00,'2022-01-02 00:00:00',NULL),(234,45,4,8934.00,'2022-01-02 00:00:00',NULL),(235,45,6,8934.00,'2022-01-02 00:00:00',NULL),(236,45,7,8934.00,'2022-01-02 00:00:00',NULL),(237,45,8,8934.00,'2022-01-02 00:00:00',NULL),(238,45,9,8934.00,'2022-01-02 00:00:00',NULL),(239,46,4,8553.00,'2021-08-31 00:00:00',NULL),(240,46,7,8553.00,'2021-08-31 00:00:00',NULL),(241,46,8,8553.00,'2021-08-31 00:00:00',NULL),(242,47,1,617.00,'2021-09-24 00:00:00',NULL),(243,47,3,617.00,'2021-09-24 00:00:00',NULL),(244,47,4,617.00,'2021-09-24 00:00:00',NULL),(245,47,5,617.00,'2021-09-24 00:00:00',NULL),(246,47,6,617.00,'2021-09-24 00:00:00',NULL),(247,47,7,617.00,'2021-09-24 00:00:00',NULL),(248,47,8,617.00,'2021-09-24 00:00:00',NULL),(249,47,9,617.00,'2021-09-24 00:00:00',NULL),(250,47,10,617.00,'2021-09-24 00:00:00',NULL),(251,48,3,1619.00,'2021-11-22 00:00:00',NULL),(252,48,4,1619.00,'2021-11-22 00:00:00',NULL),(253,48,6,1619.00,'2021-11-22 00:00:00',NULL),(254,48,9,1619.00,'2021-11-22 00:00:00',NULL),(255,49,1,4976.00,'2022-04-16 00:00:00',NULL),(256,49,2,4976.00,'2022-04-16 00:00:00',NULL),(257,49,4,4976.00,'2022-04-16 00:00:00',NULL),(258,49,5,4976.00,'2022-04-16 00:00:00',NULL),(259,49,6,4976.00,'2022-04-16 00:00:00',NULL),(260,49,8,4976.00,'2022-04-16 00:00:00',NULL),(261,49,10,4976.00,'2022-04-16 00:00:00',NULL),(262,50,1,217.00,'2021-09-04 00:00:00',NULL),(263,50,2,217.00,'2021-09-04 00:00:00',NULL),(264,50,3,217.00,'2021-09-04 00:00:00',NULL),(265,50,4,217.00,'2021-09-04 00:00:00',NULL),(266,50,5,217.00,'2021-09-04 00:00:00',NULL),(267,50,6,217.00,'2021-09-04 00:00:00',NULL),(268,50,7,217.00,'2021-09-04 00:00:00',NULL),(269,50,8,217.00,'2021-09-04 00:00:00',NULL),(270,50,9,217.00,'2021-09-04 00:00:00',NULL),(271,50,10,217.00,'2021-09-04 00:00:00',NULL),(272,51,1,1592.00,'2021-11-11 00:00:00',NULL),(273,51,2,1592.00,'2021-11-11 00:00:00',NULL),(274,51,3,1592.00,'2021-11-11 00:00:00',NULL),(275,51,5,1592.00,'2021-11-11 00:00:00',NULL),(276,51,6,1592.00,'2021-11-11 00:00:00',NULL),(277,51,7,1592.00,'2021-11-11 00:00:00',NULL),(278,51,8,1592.00,'2021-11-11 00:00:00',NULL),(279,51,9,1592.00,'2021-11-11 00:00:00',NULL),(280,51,10,1592.00,'2021-11-11 00:00:00',NULL),(281,52,1,8022.00,'2022-02-10 00:00:00',NULL),(282,52,3,8022.00,'2022-02-10 00:00:00',NULL),(283,52,6,8022.00,'2022-02-10 00:00:00',NULL),(284,52,8,8022.00,'2022-02-10 00:00:00',NULL),(285,52,10,8022.00,'2022-02-10 00:00:00',NULL),(286,53,1,8699.00,'2022-06-02 00:00:00',NULL),(287,53,2,8699.00,'2022-06-02 00:00:00',NULL),(288,53,3,8699.00,'2022-06-02 00:00:00',NULL),(289,53,5,8699.00,'2022-06-02 00:00:00',NULL),(290,53,7,8699.00,'2022-06-02 00:00:00',NULL),(291,53,9,8699.00,'2022-06-02 00:00:00',NULL),(292,54,5,9738.00,'2021-11-08 00:00:00',NULL),(293,55,1,9663.00,'2022-01-12 00:00:00',NULL),(294,55,2,9663.00,'2022-01-12 00:00:00',NULL),(295,55,3,9663.00,'2022-01-12 00:00:00',NULL),(296,55,4,9663.00,'2022-01-12 00:00:00',NULL),(297,55,5,9663.00,'2022-01-12 00:00:00',NULL),(298,55,10,9663.00,'2022-01-12 00:00:00',NULL),(299,56,1,4500.00,'2021-09-07 00:00:00',NULL),(300,56,2,4500.00,'2021-09-07 00:00:00',NULL),(301,56,6,4500.00,'2021-09-07 00:00:00',NULL),(302,56,9,4500.00,'2021-09-07 00:00:00',NULL),(303,56,10,4500.00,'2021-09-07 00:00:00',NULL),(304,57,4,4914.00,'2022-04-12 00:00:00',NULL),(305,57,6,4914.00,'2022-04-12 00:00:00',NULL),(306,58,1,640.00,'2022-03-17 00:00:00',NULL),(307,58,2,640.00,'2022-03-17 00:00:00',NULL),(308,58,3,640.00,'2022-03-17 00:00:00',NULL),(309,58,4,640.00,'2022-03-17 00:00:00',NULL),(310,58,5,640.00,'2022-03-17 00:00:00',NULL),(311,58,6,640.00,'2022-03-17 00:00:00',NULL),(312,58,7,640.00,'2022-03-17 00:00:00',NULL),(313,58,10,640.00,'2022-03-17 00:00:00',NULL),(314,59,7,2891.00,'2021-12-28 00:00:00',NULL),(315,60,3,7482.00,'2021-09-17 00:00:00',NULL),(316,60,4,7482.00,'2021-09-17 00:00:00',NULL),(317,60,5,7482.00,'2021-09-17 00:00:00',NULL),(318,60,6,7482.00,'2021-09-17 00:00:00',NULL),(319,60,7,7482.00,'2021-09-17 00:00:00',NULL),(320,60,8,7482.00,'2021-09-17 00:00:00',NULL),(321,60,9,7482.00,'2021-09-17 00:00:00',NULL),(322,60,10,7482.00,'2021-09-17 00:00:00',NULL),(323,61,4,8802.00,'2022-04-17 00:00:00',NULL),(324,61,6,8802.00,'2022-04-17 00:00:00',NULL),(325,62,1,4722.00,'2021-11-23 00:00:00',NULL),(326,62,2,4722.00,'2021-11-23 00:00:00',NULL),(327,62,3,4722.00,'2021-11-23 00:00:00',NULL),(328,62,4,4722.00,'2021-11-23 00:00:00',NULL),(329,62,5,4722.00,'2021-11-23 00:00:00',NULL),(330,62,6,4722.00,'2021-11-23 00:00:00',NULL),(331,62,7,4722.00,'2021-11-23 00:00:00',NULL),(332,62,8,4722.00,'2021-11-23 00:00:00',NULL),(333,62,9,4722.00,'2021-11-23 00:00:00',NULL),(334,62,10,4722.00,'2021-11-23 00:00:00',NULL),(335,63,4,684.00,'2022-04-28 00:00:00',NULL),(336,63,7,684.00,'2022-04-28 00:00:00',NULL),(337,64,1,4083.00,'2022-05-13 00:00:00',NULL),(338,64,2,4083.00,'2022-05-13 00:00:00',NULL),(339,64,3,4083.00,'2022-05-13 00:00:00',NULL),(340,64,4,4083.00,'2022-05-13 00:00:00',NULL),(341,64,8,4083.00,'2022-05-13 00:00:00',NULL),(342,64,10,4083.00,'2022-05-13 00:00:00',NULL),(343,65,5,4583.00,'2021-07-26 00:00:00',NULL),(344,66,2,4593.00,'2021-09-01 00:00:00',NULL),(345,66,4,4593.00,'2021-09-01 00:00:00',NULL),(346,66,9,4593.00,'2021-09-01 00:00:00',NULL),(347,67,1,8734.00,'2021-07-30 00:00:00',NULL),(348,67,2,8734.00,'2021-07-30 00:00:00',NULL),(349,67,3,8734.00,'2021-07-30 00:00:00',NULL),(350,67,4,8734.00,'2021-07-30 00:00:00',NULL),(351,67,5,8734.00,'2021-07-30 00:00:00',NULL),(352,67,6,8734.00,'2021-07-30 00:00:00',NULL),(353,67,7,8734.00,'2021-07-30 00:00:00',NULL),(354,67,8,8734.00,'2021-07-30 00:00:00',NULL),(355,67,9,8734.00,'2021-07-30 00:00:00',NULL),(356,67,10,8734.00,'2021-07-30 00:00:00',NULL),(357,68,1,3785.00,'2021-10-11 00:00:00',NULL),(358,68,3,3785.00,'2021-10-11 00:00:00',NULL),(359,68,4,3785.00,'2021-10-11 00:00:00',NULL),(360,68,8,3785.00,'2021-10-11 00:00:00',NULL),(361,68,9,3785.00,'2021-10-11 00:00:00',NULL),(362,68,10,3785.00,'2021-10-11 00:00:00',NULL),(363,69,1,7765.00,'2022-01-21 00:00:00',NULL),(364,69,6,7765.00,'2022-01-21 00:00:00',NULL),(365,69,8,7765.00,'2022-01-21 00:00:00',NULL),(366,69,9,7765.00,'2022-01-21 00:00:00',NULL),(367,69,10,7765.00,'2022-01-21 00:00:00',NULL),(368,70,5,8877.00,'2022-05-25 00:00:00',NULL),(369,71,2,9036.00,'2021-12-20 00:00:00',NULL),(370,71,3,9036.00,'2021-12-20 00:00:00',NULL),(371,71,6,9036.00,'2021-12-20 00:00:00',NULL),(372,71,7,9036.00,'2021-12-20 00:00:00',NULL),(373,71,8,9036.00,'2021-12-20 00:00:00',NULL),(374,71,9,9036.00,'2021-12-20 00:00:00',NULL),(375,72,1,3382.00,'2021-11-14 00:00:00',NULL),(376,72,2,3382.00,'2021-11-14 00:00:00',NULL),(377,72,3,3382.00,'2021-11-14 00:00:00',NULL),(378,72,4,3382.00,'2021-11-14 00:00:00',NULL),(379,72,5,3382.00,'2021-11-14 00:00:00',NULL),(380,72,6,3382.00,'2021-11-14 00:00:00',NULL),(381,72,7,3382.00,'2021-11-14 00:00:00',NULL),(382,72,8,3382.00,'2021-11-14 00:00:00',NULL),(383,72,9,3382.00,'2021-11-14 00:00:00',NULL),(384,72,10,3382.00,'2021-11-14 00:00:00',NULL),(385,73,1,3217.00,'2022-06-07 00:00:00',NULL),(386,73,8,3217.00,'2022-06-07 00:00:00',NULL),(387,74,1,5314.00,'2021-08-30 00:00:00',NULL),(388,74,2,5314.00,'2021-08-30 00:00:00',NULL),(389,74,3,5314.00,'2021-08-30 00:00:00',NULL),(390,74,4,5314.00,'2021-08-30 00:00:00',NULL),(391,74,5,5314.00,'2021-08-30 00:00:00',NULL),(392,74,8,5314.00,'2021-08-30 00:00:00',NULL),(393,74,9,5314.00,'2021-08-30 00:00:00',NULL),(394,74,10,5314.00,'2021-08-30 00:00:00',NULL),(395,75,1,8541.00,'2021-12-06 00:00:00',NULL),(396,75,2,8541.00,'2021-12-06 00:00:00',NULL),(397,75,3,8541.00,'2021-12-06 00:00:00',NULL),(398,75,4,8541.00,'2021-12-06 00:00:00',NULL),(399,75,5,8541.00,'2021-12-06 00:00:00',NULL),(400,75,6,8541.00,'2021-12-06 00:00:00',NULL),(401,75,7,8541.00,'2021-12-06 00:00:00',NULL),(402,75,8,8541.00,'2021-12-06 00:00:00',NULL),(403,75,9,8541.00,'2021-12-06 00:00:00',NULL),(404,75,10,8541.00,'2021-12-06 00:00:00',NULL),(405,76,5,8249.00,'2021-08-18 00:00:00',NULL),(406,76,6,8249.00,'2021-08-18 00:00:00',NULL),(407,76,8,8249.00,'2021-08-18 00:00:00',NULL),(408,77,7,7993.00,'2021-10-08 00:00:00',NULL),(409,77,9,7993.00,'2021-10-08 00:00:00',NULL),(410,78,2,853.00,'2022-02-20 00:00:00',NULL),(411,78,8,853.00,'2022-02-20 00:00:00',NULL),(412,78,9,853.00,'2022-02-20 00:00:00',NULL),(413,79,1,8677.00,'2021-11-25 00:00:00',NULL),(414,79,2,8677.00,'2021-11-25 00:00:00',NULL),(415,79,3,8677.00,'2021-11-25 00:00:00',NULL),(416,79,6,8677.00,'2021-11-25 00:00:00',NULL),(417,79,8,8677.00,'2021-11-25 00:00:00',NULL),(418,79,9,8677.00,'2021-11-25 00:00:00',NULL),(419,79,10,8677.00,'2021-11-25 00:00:00',NULL),(420,80,1,6710.00,'2021-09-08 00:00:00',NULL),(421,80,4,6710.00,'2021-09-08 00:00:00',NULL),(422,80,5,6710.00,'2021-09-08 00:00:00',NULL),(423,80,6,6710.00,'2021-09-08 00:00:00',NULL),(424,80,7,6710.00,'2021-09-08 00:00:00',NULL),(425,80,8,6710.00,'2021-09-08 00:00:00',NULL),(426,80,9,6710.00,'2021-09-08 00:00:00',NULL),(427,80,10,6710.00,'2021-09-08 00:00:00',NULL),(428,81,2,8903.00,'2022-05-05 00:00:00',NULL),(429,81,7,8903.00,'2022-05-05 00:00:00',NULL),(430,81,8,8903.00,'2022-05-05 00:00:00',NULL),(431,81,10,8903.00,'2022-05-05 00:00:00',NULL),(432,82,2,4766.00,'2022-01-23 00:00:00',NULL),(433,82,4,4766.00,'2022-01-23 00:00:00',NULL),(434,82,5,4766.00,'2022-01-23 00:00:00',NULL),(435,82,6,4766.00,'2022-01-23 00:00:00',NULL),(436,82,7,4766.00,'2022-01-23 00:00:00',NULL),(437,82,8,4766.00,'2022-01-23 00:00:00',NULL),(438,82,9,4766.00,'2022-01-23 00:00:00',NULL),(439,83,4,5146.00,'2022-01-26 00:00:00',NULL),(440,84,4,7897.00,'2021-07-14 00:00:00',NULL),(441,84,6,7897.00,'2021-07-14 00:00:00',NULL),(442,85,2,2178.00,'2022-05-28 00:00:00',NULL),(443,85,4,2178.00,'2022-05-28 00:00:00',NULL),(444,85,5,2178.00,'2022-05-28 00:00:00',NULL),(445,85,7,2178.00,'2022-05-28 00:00:00',NULL),(446,85,8,2178.00,'2022-05-28 00:00:00',NULL),(447,85,9,2178.00,'2022-05-28 00:00:00',NULL),(448,86,1,1303.00,'2021-11-28 00:00:00',NULL),(449,86,2,1303.00,'2021-11-28 00:00:00',NULL),(450,86,4,1303.00,'2021-11-28 00:00:00',NULL),(451,86,5,1303.00,'2021-11-28 00:00:00',NULL),(452,86,6,1303.00,'2021-11-28 00:00:00',NULL),(453,86,7,1303.00,'2021-11-28 00:00:00',NULL),(454,86,8,1303.00,'2021-11-28 00:00:00',NULL),(455,86,9,1303.00,'2021-11-28 00:00:00',NULL),(456,86,10,1303.00,'2021-11-28 00:00:00',NULL),(457,87,1,3286.00,'2021-10-07 00:00:00',NULL),(458,87,2,3286.00,'2021-10-07 00:00:00',NULL),(459,87,6,3286.00,'2021-10-07 00:00:00',NULL),(460,88,1,6322.00,'2021-07-01 00:00:00',NULL),(461,88,4,6322.00,'2021-07-01 00:00:00',NULL),(462,88,6,6322.00,'2021-07-01 00:00:00',NULL),(463,88,9,6322.00,'2021-07-01 00:00:00',NULL),(464,89,1,8231.00,'2021-10-03 00:00:00',NULL),(465,89,3,8231.00,'2021-10-03 00:00:00',NULL),(466,89,4,8231.00,'2021-10-03 00:00:00',NULL),(467,89,6,8231.00,'2021-10-03 00:00:00',NULL),(468,89,9,8231.00,'2021-10-03 00:00:00',NULL),(469,90,2,2342.00,'2022-03-27 00:00:00',NULL),(470,90,3,2342.00,'2022-03-27 00:00:00',NULL),(471,90,4,2342.00,'2022-03-27 00:00:00',NULL),(472,90,5,2342.00,'2022-03-27 00:00:00',NULL),(473,90,7,2342.00,'2022-03-27 00:00:00',NULL),(474,91,1,5578.00,'2021-10-10 00:00:00',NULL),(475,91,2,5578.00,'2021-10-10 00:00:00',NULL),(476,91,3,5578.00,'2021-10-10 00:00:00',NULL),(477,91,4,5578.00,'2021-10-10 00:00:00',NULL),(478,91,5,5578.00,'2021-10-10 00:00:00',NULL),(479,91,6,5578.00,'2021-10-10 00:00:00',NULL),(480,91,9,5578.00,'2021-10-10 00:00:00',NULL),(481,92,1,6302.00,'2021-08-12 00:00:00',NULL),(482,92,2,6302.00,'2021-08-12 00:00:00',NULL),(483,92,3,6302.00,'2021-08-12 00:00:00',NULL),(484,92,4,6302.00,'2021-08-12 00:00:00',NULL),(485,92,5,6302.00,'2021-08-12 00:00:00',NULL),(486,92,6,6302.00,'2021-08-12 00:00:00',NULL),(487,92,7,6302.00,'2021-08-12 00:00:00',NULL),(488,92,8,6302.00,'2021-08-12 00:00:00',NULL),(489,92,9,6302.00,'2021-08-12 00:00:00',NULL),(490,92,10,6302.00,'2021-08-12 00:00:00',NULL),(491,93,1,5515.00,'2022-02-21 00:00:00',NULL),(492,93,2,5515.00,'2022-02-21 00:00:00',NULL),(493,93,3,5515.00,'2022-02-21 00:00:00',NULL),(494,93,4,5515.00,'2022-02-21 00:00:00',NULL),(495,93,5,5515.00,'2022-02-21 00:00:00',NULL),(496,93,6,5515.00,'2022-02-21 00:00:00',NULL),(497,93,7,5515.00,'2022-02-21 00:00:00',NULL),(498,93,8,5515.00,'2022-02-21 00:00:00',NULL),(499,93,9,5515.00,'2022-02-21 00:00:00',NULL),(500,93,10,5515.00,'2022-02-21 00:00:00',NULL),(501,94,1,4201.00,'2021-07-29 00:00:00',NULL),(502,94,2,4201.00,'2021-07-29 00:00:00',NULL),(503,94,3,4201.00,'2021-07-29 00:00:00',NULL),(504,94,4,4201.00,'2021-07-29 00:00:00',NULL),(505,94,5,4201.00,'2021-07-29 00:00:00',NULL),(506,94,6,4201.00,'2021-07-29 00:00:00',NULL),(507,94,7,4201.00,'2021-07-29 00:00:00',NULL),(508,94,8,4201.00,'2021-07-29 00:00:00',NULL),(509,94,9,4201.00,'2021-07-29 00:00:00',NULL),(510,94,10,4201.00,'2021-07-29 00:00:00',NULL),(511,95,1,1822.00,'2022-02-24 00:00:00',NULL),(512,95,6,1822.00,'2022-02-24 00:00:00',NULL),(513,96,1,7442.00,'2022-05-26 00:00:00',NULL),(514,96,2,7442.00,'2022-05-26 00:00:00',NULL),(515,96,3,7442.00,'2022-05-26 00:00:00',NULL),(516,96,5,7442.00,'2022-05-26 00:00:00',NULL),(517,96,6,7442.00,'2022-05-26 00:00:00',NULL),(518,96,7,7442.00,'2022-05-26 00:00:00',NULL),(519,96,10,7442.00,'2022-05-26 00:00:00',NULL),(520,97,1,4911.00,'2022-03-15 00:00:00',NULL),(521,97,5,4911.00,'2022-03-15 00:00:00',NULL),(522,97,9,4911.00,'2022-03-15 00:00:00',NULL),(523,98,7,8261.00,'2021-06-29 00:00:00',NULL),(524,98,8,8261.00,'2021-06-29 00:00:00',NULL),(525,99,2,905.00,'2022-01-05 00:00:00',NULL),(526,99,7,905.00,'2022-01-05 00:00:00',NULL),(527,99,8,905.00,'2022-01-05 00:00:00',NULL),(528,100,1,504.00,'2021-08-15 00:00:00',NULL),(529,100,2,504.00,'2021-08-15 00:00:00',NULL),(530,100,3,504.00,'2021-08-15 00:00:00',NULL),(531,100,4,504.00,'2021-08-15 00:00:00',NULL),(532,100,7,504.00,'2021-08-15 00:00:00',NULL),(533,100,8,504.00,'2021-08-15 00:00:00',NULL),(534,100,9,504.00,'2021-08-15 00:00:00',NULL),(535,100,10,504.00,'2021-08-15 00:00:00',NULL),(536,101,1,1221.00,'2022-05-03 00:00:00',NULL),(537,101,2,1221.00,'2022-05-03 00:00:00',NULL),(538,101,3,1221.00,'2022-05-03 00:00:00',NULL),(539,101,4,1221.00,'2022-05-03 00:00:00',NULL),(540,101,5,1221.00,'2022-05-03 00:00:00',NULL),(541,101,6,1221.00,'2022-05-03 00:00:00',NULL),(542,101,7,1221.00,'2022-05-03 00:00:00',NULL),(543,101,8,1221.00,'2022-05-03 00:00:00',NULL),(544,101,9,1221.00,'2022-05-03 00:00:00',NULL),(545,101,10,1221.00,'2022-05-03 00:00:00',NULL),(546,102,1,6262.00,'2021-10-12 00:00:00',NULL),(547,102,2,6262.00,'2021-10-12 00:00:00',NULL),(548,102,4,6262.00,'2021-10-12 00:00:00',NULL),(549,102,5,6262.00,'2021-10-12 00:00:00',NULL),(550,102,8,6262.00,'2021-10-12 00:00:00',NULL),(551,103,6,5953.00,'2022-01-28 00:00:00',NULL),(552,103,8,5953.00,'2022-01-28 00:00:00',NULL),(553,104,1,3424.00,'2022-03-10 00:00:00',NULL),(554,104,2,3424.00,'2022-03-10 00:00:00',NULL),(555,104,4,3424.00,'2022-03-10 00:00:00',NULL),(556,104,5,3424.00,'2022-03-10 00:00:00',NULL),(557,104,6,3424.00,'2022-03-10 00:00:00',NULL),(558,104,7,3424.00,'2022-03-10 00:00:00',NULL),(559,104,8,3424.00,'2022-03-10 00:00:00',NULL),(560,104,9,3424.00,'2022-03-10 00:00:00',NULL),(561,105,3,8015.00,'2021-07-18 00:00:00',NULL),(562,105,4,8015.00,'2021-07-18 00:00:00',NULL),(563,105,6,8015.00,'2021-07-18 00:00:00',NULL),(564,106,1,9342.00,'2022-01-06 00:00:00',NULL),(565,106,2,9342.00,'2022-01-06 00:00:00',NULL),(566,106,6,9342.00,'2022-01-06 00:00:00',NULL),(567,106,7,9342.00,'2022-01-06 00:00:00',NULL),(568,106,8,9342.00,'2022-01-06 00:00:00',NULL),(569,106,10,9342.00,'2022-01-06 00:00:00',NULL),(570,107,1,7238.00,'2022-03-02 00:00:00',NULL),(571,108,1,1438.00,'2021-12-28 00:00:00',NULL),(572,108,4,1438.00,'2021-12-28 00:00:00',NULL),(573,108,10,1438.00,'2021-12-28 00:00:00',NULL),(574,109,1,5901.00,'2021-09-23 00:00:00',NULL),(575,110,3,9177.00,'2022-04-23 00:00:00',NULL),(576,110,5,9177.00,'2022-04-23 00:00:00',NULL),(577,110,6,9177.00,'2022-04-23 00:00:00',NULL),(578,110,10,9177.00,'2022-04-23 00:00:00',NULL),(579,111,4,7259.00,'2021-09-04 00:00:00',NULL),(580,111,6,7259.00,'2021-09-04 00:00:00',NULL),(581,111,8,7259.00,'2021-09-04 00:00:00',NULL),(582,111,9,7259.00,'2021-09-04 00:00:00',NULL),(583,111,10,7259.00,'2021-09-04 00:00:00',NULL),(584,112,2,7075.00,'2021-07-02 00:00:00',NULL),(585,113,1,1956.00,'2021-08-13 00:00:00',NULL),(586,113,4,1956.00,'2021-08-13 00:00:00',NULL),(587,114,4,2098.00,'2022-01-14 00:00:00',NULL),(588,115,5,4363.00,'2022-02-10 00:00:00',NULL),(589,115,7,4363.00,'2022-02-10 00:00:00',NULL),(590,115,9,4363.00,'2022-02-10 00:00:00',NULL),(591,116,1,7468.00,'2022-03-17 00:00:00',NULL),(592,116,2,7468.00,'2022-03-17 00:00:00',NULL),(593,116,3,7468.00,'2022-03-17 00:00:00',NULL),(594,116,4,7468.00,'2022-03-17 00:00:00',NULL),(595,116,7,7468.00,'2022-03-17 00:00:00',NULL),(596,116,8,7468.00,'2022-03-17 00:00:00',NULL),(597,116,9,7468.00,'2022-03-17 00:00:00',NULL),(598,116,10,7468.00,'2022-03-17 00:00:00',NULL),(599,117,4,149.00,'2021-10-14 00:00:00',NULL),(600,117,5,149.00,'2021-10-14 00:00:00',NULL),(601,118,1,2645.00,'2022-06-08 00:00:00',NULL),(602,118,2,2645.00,'2022-06-08 00:00:00',NULL),(603,118,5,2645.00,'2022-06-08 00:00:00',NULL),(604,118,7,2645.00,'2022-06-08 00:00:00',NULL),(605,118,10,2645.00,'2022-06-08 00:00:00',NULL),(606,119,3,2387.00,'2021-12-13 00:00:00',NULL),(607,119,4,2387.00,'2021-12-13 00:00:00',NULL),(608,119,6,2387.00,'2021-12-13 00:00:00',NULL),(609,119,9,2387.00,'2021-12-13 00:00:00',NULL),(610,119,10,2387.00,'2021-12-13 00:00:00',NULL),(611,120,1,7406.00,'2022-06-02 00:00:00',NULL),(612,120,2,7406.00,'2022-06-02 00:00:00',NULL),(613,120,3,7406.00,'2022-06-02 00:00:00',NULL),(614,120,4,7406.00,'2022-06-02 00:00:00',NULL),(615,120,6,7406.00,'2022-06-02 00:00:00',NULL),(616,120,10,7406.00,'2022-06-02 00:00:00',NULL),(617,121,3,1566.00,'2021-12-25 00:00:00',NULL),(618,121,4,1566.00,'2021-12-25 00:00:00',NULL),(619,121,6,1566.00,'2021-12-25 00:00:00',NULL),(620,121,7,1566.00,'2021-12-25 00:00:00',NULL),(621,121,9,1566.00,'2021-12-25 00:00:00',NULL),(622,121,10,1566.00,'2021-12-25 00:00:00',NULL),(623,122,3,1783.00,'2022-02-02 00:00:00',NULL),(624,122,4,1783.00,'2022-02-02 00:00:00',NULL),(625,122,5,1783.00,'2022-02-02 00:00:00',NULL),(626,122,6,1783.00,'2022-02-02 00:00:00',NULL),(627,122,7,1783.00,'2022-02-02 00:00:00',NULL),(628,123,10,3449.00,'2022-01-01 00:00:00',NULL),(629,124,1,259.00,'2021-12-30 00:00:00',NULL),(630,124,2,259.00,'2021-12-30 00:00:00',NULL),(631,124,3,259.00,'2021-12-30 00:00:00',NULL),(632,124,4,259.00,'2021-12-30 00:00:00',NULL),(633,124,5,259.00,'2021-12-30 00:00:00',NULL),(634,124,6,259.00,'2021-12-30 00:00:00',NULL),(635,124,7,259.00,'2021-12-30 00:00:00',NULL),(636,124,8,259.00,'2021-12-30 00:00:00',NULL),(637,124,9,259.00,'2021-12-30 00:00:00',NULL),(638,124,10,259.00,'2021-12-30 00:00:00',NULL),(639,125,1,8394.00,'2021-09-15 00:00:00',NULL),(640,125,4,8394.00,'2021-09-15 00:00:00',NULL),(641,125,5,8394.00,'2021-09-15 00:00:00',NULL),(642,126,3,4918.00,'2021-10-10 00:00:00',NULL),(643,126,4,4918.00,'2021-10-10 00:00:00',NULL),(644,126,8,4918.00,'2021-10-10 00:00:00',NULL),(645,127,1,8567.00,'2022-03-01 00:00:00',NULL),(646,127,2,8567.00,'2022-03-01 00:00:00',NULL),(647,127,3,8567.00,'2022-03-01 00:00:00',NULL),(648,127,5,8567.00,'2022-03-01 00:00:00',NULL),(649,127,6,8567.00,'2022-03-01 00:00:00',NULL),(650,127,7,8567.00,'2022-03-01 00:00:00',NULL),(651,127,8,8567.00,'2022-03-01 00:00:00',NULL),(652,127,9,8567.00,'2022-03-01 00:00:00',NULL),(653,127,10,8567.00,'2022-03-01 00:00:00',NULL),(654,128,1,8389.00,'2021-10-02 00:00:00',NULL),(655,128,2,8389.00,'2021-10-02 00:00:00',NULL),(656,128,3,8389.00,'2021-10-02 00:00:00',NULL),(657,128,5,8389.00,'2021-10-02 00:00:00',NULL),(658,128,6,8389.00,'2021-10-02 00:00:00',NULL),(659,128,7,8389.00,'2021-10-02 00:00:00',NULL),(660,128,8,8389.00,'2021-10-02 00:00:00',NULL),(661,129,1,2745.00,'2022-06-09 00:00:00',NULL),(662,129,2,2745.00,'2022-06-09 00:00:00',NULL),(663,129,4,2745.00,'2022-06-09 00:00:00',NULL),(664,129,5,2745.00,'2022-06-09 00:00:00',NULL),(665,129,6,2745.00,'2022-06-09 00:00:00',NULL),(666,129,7,2745.00,'2022-06-09 00:00:00',NULL),(667,129,8,2745.00,'2022-06-09 00:00:00',NULL),(668,129,10,2745.00,'2022-06-09 00:00:00',NULL),(669,130,1,6837.00,'2022-01-06 00:00:00',NULL),(670,130,2,6837.00,'2022-01-06 00:00:00',NULL),(671,130,3,6837.00,'2022-01-06 00:00:00',NULL),(672,130,4,6837.00,'2022-01-06 00:00:00',NULL),(673,130,5,6837.00,'2022-01-06 00:00:00',NULL),(674,130,6,6837.00,'2022-01-06 00:00:00',NULL),(675,130,7,6837.00,'2022-01-06 00:00:00',NULL),(676,130,8,6837.00,'2022-01-06 00:00:00',NULL),(677,130,9,6837.00,'2022-01-06 00:00:00',NULL),(678,130,10,6837.00,'2022-01-06 00:00:00',NULL),(679,131,6,3422.00,'2021-10-28 00:00:00',NULL),(680,131,8,3422.00,'2021-10-28 00:00:00',NULL),(681,131,10,3422.00,'2021-10-28 00:00:00',NULL),(682,132,1,1260.00,'2021-08-22 00:00:00',NULL),(683,132,2,1260.00,'2021-08-22 00:00:00',NULL),(684,132,3,1260.00,'2021-08-22 00:00:00',NULL),(685,132,4,1260.00,'2021-08-22 00:00:00',NULL),(686,132,5,1260.00,'2021-08-22 00:00:00',NULL),(687,132,6,1260.00,'2021-08-22 00:00:00',NULL),(688,132,7,1260.00,'2021-08-22 00:00:00',NULL),(689,132,8,1260.00,'2021-08-22 00:00:00',NULL),(690,132,9,1260.00,'2021-08-22 00:00:00',NULL),(691,133,2,6285.00,'2021-08-31 00:00:00',NULL),(692,133,4,6285.00,'2021-08-31 00:00:00',NULL),(693,133,8,6285.00,'2021-08-31 00:00:00',NULL),(694,133,10,6285.00,'2021-08-31 00:00:00',NULL),(695,134,9,3968.00,'2022-04-16 00:00:00',NULL),(696,135,1,7480.00,'2022-01-25 00:00:00',NULL),(697,135,10,7480.00,'2022-01-25 00:00:00',NULL),(698,136,1,7944.00,'2022-01-06 00:00:00',NULL),(699,136,2,7944.00,'2022-01-06 00:00:00',NULL),(700,136,3,7944.00,'2022-01-06 00:00:00',NULL),(701,136,4,7944.00,'2022-01-06 00:00:00',NULL),(702,136,5,7944.00,'2022-01-06 00:00:00',NULL),(703,136,6,7944.00,'2022-01-06 00:00:00',NULL),(704,136,7,7944.00,'2022-01-06 00:00:00',NULL),(705,136,8,7944.00,'2022-01-06 00:00:00',NULL),(706,136,9,7944.00,'2022-01-06 00:00:00',NULL),(707,136,10,7944.00,'2022-01-06 00:00:00',NULL),(708,137,1,4666.00,'2021-06-16 00:00:00',NULL),(709,137,4,4666.00,'2021-06-16 00:00:00',NULL),(710,137,6,4666.00,'2021-06-16 00:00:00',NULL),(711,137,7,4666.00,'2021-06-16 00:00:00',NULL),(712,137,8,4666.00,'2021-06-16 00:00:00',NULL),(713,137,9,4666.00,'2021-06-16 00:00:00',NULL),(714,137,10,4666.00,'2021-06-16 00:00:00',NULL),(715,138,1,4975.00,'2021-07-30 00:00:00',NULL),(716,138,4,4975.00,'2021-07-30 00:00:00',NULL),(717,138,5,4975.00,'2021-07-30 00:00:00',NULL),(718,138,6,4975.00,'2021-07-30 00:00:00',NULL),(719,138,7,4975.00,'2021-07-30 00:00:00',NULL),(720,138,8,4975.00,'2021-07-30 00:00:00',NULL),(721,138,9,4975.00,'2021-07-30 00:00:00',NULL),(722,138,10,4975.00,'2021-07-30 00:00:00',NULL),(723,139,1,8069.00,'2022-01-05 00:00:00',NULL),(724,139,3,8069.00,'2022-01-05 00:00:00',NULL),(725,139,4,8069.00,'2022-01-05 00:00:00',NULL),(726,139,5,8069.00,'2022-01-05 00:00:00',NULL),(727,139,6,8069.00,'2022-01-05 00:00:00',NULL),(728,139,7,8069.00,'2022-01-05 00:00:00',NULL),(729,139,8,8069.00,'2022-01-05 00:00:00',NULL),(730,139,9,8069.00,'2022-01-05 00:00:00',NULL),(731,139,10,8069.00,'2022-01-05 00:00:00',NULL),(732,140,6,9685.00,'2022-05-10 00:00:00',NULL),(733,141,4,741.00,'2021-06-21 00:00:00',NULL),(734,141,5,741.00,'2021-06-21 00:00:00',NULL),(735,141,7,741.00,'2021-06-21 00:00:00',NULL),(736,141,9,741.00,'2021-06-21 00:00:00',NULL),(737,141,10,741.00,'2021-06-21 00:00:00',NULL),(738,142,1,5024.00,'2022-04-23 00:00:00',NULL),(739,142,2,5024.00,'2022-04-23 00:00:00',NULL),(740,142,3,5024.00,'2022-04-23 00:00:00',NULL),(741,142,4,5024.00,'2022-04-23 00:00:00',NULL),(742,142,5,5024.00,'2022-04-23 00:00:00',NULL),(743,142,7,5024.00,'2022-04-23 00:00:00',NULL),(744,142,8,5024.00,'2022-04-23 00:00:00',NULL),(745,142,9,5024.00,'2022-04-23 00:00:00',NULL),(746,142,10,5024.00,'2022-04-23 00:00:00',NULL),(747,143,2,1563.00,'2022-02-27 00:00:00',NULL),(748,143,3,1563.00,'2022-02-27 00:00:00',NULL),(749,143,5,1563.00,'2022-02-27 00:00:00',NULL),(750,143,6,1563.00,'2022-02-27 00:00:00',NULL),(751,143,8,1563.00,'2022-02-27 00:00:00',NULL),(752,143,9,1563.00,'2022-02-27 00:00:00',NULL),(753,143,10,1563.00,'2022-02-27 00:00:00',NULL),(754,144,3,2399.00,'2021-10-17 00:00:00',NULL),(755,144,6,2399.00,'2021-10-17 00:00:00',NULL),(756,144,10,2399.00,'2021-10-17 00:00:00',NULL),(757,145,1,4102.00,'2022-05-17 00:00:00',NULL),(758,145,6,4102.00,'2022-05-17 00:00:00',NULL),(759,145,8,4102.00,'2022-05-17 00:00:00',NULL),(760,145,10,4102.00,'2022-05-17 00:00:00',NULL),(761,146,1,9233.00,'2021-09-22 00:00:00',NULL),(762,146,3,9233.00,'2021-09-22 00:00:00',NULL),(763,146,4,9233.00,'2021-09-22 00:00:00',NULL),(764,146,5,9233.00,'2021-09-22 00:00:00',NULL),(765,146,7,9233.00,'2021-09-22 00:00:00',NULL),(766,146,8,9233.00,'2021-09-22 00:00:00',NULL),(767,146,9,9233.00,'2021-09-22 00:00:00',NULL),(768,147,2,3487.00,'2021-07-06 00:00:00',NULL),(769,147,5,3487.00,'2021-07-06 00:00:00',NULL),(770,147,6,3487.00,'2021-07-06 00:00:00',NULL),(771,147,8,3487.00,'2021-07-06 00:00:00',NULL),(772,148,1,2404.00,'2022-03-09 00:00:00',NULL),(773,148,3,2404.00,'2022-03-09 00:00:00',NULL),(774,148,4,2404.00,'2022-03-09 00:00:00',NULL),(775,148,5,2404.00,'2022-03-09 00:00:00',NULL),(776,148,7,2404.00,'2022-03-09 00:00:00',NULL),(777,148,8,2404.00,'2022-03-09 00:00:00',NULL),(778,148,9,2404.00,'2022-03-09 00:00:00',NULL),(779,148,10,2404.00,'2022-03-09 00:00:00',NULL),(780,149,1,2817.00,'2021-12-26 00:00:00',NULL),(781,149,5,2817.00,'2021-12-26 00:00:00',NULL),(782,149,8,2817.00,'2021-12-26 00:00:00',NULL),(783,150,2,1355.00,'2021-12-20 00:00:00',NULL),(784,150,4,1355.00,'2021-12-20 00:00:00',NULL),(785,150,9,1355.00,'2021-12-20 00:00:00',NULL);
/*!40000 ALTER TABLE `customers_places` ENABLE KEYS */;
UNLOCK TABLES;

--
-- Table structure for table `migrations`
--

DROP TABLE IF EXISTS `migrations`;
/*!40101 SET @saved_cs_client     = @@character_set_client */;
/*!50503 SET character_set_client = utf8mb4 */;
CREATE TABLE `migrations` (
  `id` int unsigned NOT NULL AUTO_INCREMENT,
  `migration` varchar(255) CHARACTER SET utf8mb4 COLLATE utf8mb4_unicode_ci NOT NULL,
  `batch` int NOT NULL,
  PRIMARY KEY (`id`)
) ENGINE=InnoDB AUTO_INCREMENT=10 DEFAULT CHARSET=utf8mb4 COLLATE=utf8mb4_unicode_ci;
/*!40101 SET character_set_client = @saved_cs_client */;

--
-- Dumping data for table `migrations`
--

LOCK TABLES `migrations` WRITE;
/*!40000 ALTER TABLE `migrations` DISABLE KEYS */;
INSERT INTO `migrations` VALUES (1,'2016_06_01_000001_create_oauth_auth_codes_table',1),(2,'2016_06_01_000002_create_oauth_access_tokens_table',1),(3,'2016_06_01_000003_create_oauth_refresh_tokens_table',1),(4,'2016_06_01_000004_create_oauth_clients_table',1),(5,'2016_06_01_000005_create_oauth_personal_access_clients_table',1),(6,'2019_12_14_000001_create_personal_access_tokens_table',1),(7,'2021_11_14_161718_base_migration',1),(8,'2021_11_19_144904_products',1),(9,'2021_11_21_112606_user_place',1);
/*!40000 ALTER TABLE `migrations` ENABLE KEYS */;
UNLOCK TABLES;

--
-- Table structure for table `oauth_access_tokens`
--

DROP TABLE IF EXISTS `oauth_access_tokens`;
/*!40101 SET @saved_cs_client     = @@character_set_client */;
/*!50503 SET character_set_client = utf8mb4 */;
CREATE TABLE `oauth_access_tokens` (
  `id` varchar(100) CHARACTER SET utf8mb4 COLLATE utf8mb4_unicode_ci NOT NULL,
  `user_id` bigint unsigned DEFAULT NULL,
  `client_id` bigint unsigned NOT NULL,
  `name` varchar(255) CHARACTER SET utf8mb4 COLLATE utf8mb4_unicode_ci DEFAULT NULL,
  `scopes` text CHARACTER SET utf8mb4 COLLATE utf8mb4_unicode_ci,
  `revoked` tinyint(1) NOT NULL,
  `created_at` timestamp NULL DEFAULT NULL,
  `updated_at` timestamp NULL DEFAULT NULL,
  `expires_at` datetime DEFAULT NULL,
  PRIMARY KEY (`id`),
  KEY `oauth_access_tokens_user_id_index` (`user_id`)
) ENGINE=InnoDB DEFAULT CHARSET=utf8mb4 COLLATE=utf8mb4_unicode_ci;
/*!40101 SET character_set_client = @saved_cs_client */;

--
-- Dumping data for table `oauth_access_tokens`
--

LOCK TABLES `oauth_access_tokens` WRITE;
/*!40000 ALTER TABLE `oauth_access_tokens` DISABLE KEYS */;
INSERT INTO `oauth_access_tokens` VALUES ('e8f217025e1c0b2c69e59d998b44c6435a8aba238274605dd284e60c12cee6e4a67bedf003c1b923',1,3,'Observested','[]',0,'2022-06-11 12:35:32','2022-06-11 12:35:32','2022-06-12 12:35:32');
/*!40000 ALTER TABLE `oauth_access_tokens` ENABLE KEYS */;
UNLOCK TABLES;

--
-- Table structure for table `oauth_auth_codes`
--

DROP TABLE IF EXISTS `oauth_auth_codes`;
/*!40101 SET @saved_cs_client     = @@character_set_client */;
/*!50503 SET character_set_client = utf8mb4 */;
CREATE TABLE `oauth_auth_codes` (
  `id` varchar(100) CHARACTER SET utf8mb4 COLLATE utf8mb4_unicode_ci NOT NULL,
  `user_id` bigint unsigned NOT NULL,
  `client_id` bigint unsigned NOT NULL,
  `scopes` text CHARACTER SET utf8mb4 COLLATE utf8mb4_unicode_ci,
  `revoked` tinyint(1) NOT NULL,
  `expires_at` datetime DEFAULT NULL,
  PRIMARY KEY (`id`),
  KEY `oauth_auth_codes_user_id_index` (`user_id`)
) ENGINE=InnoDB DEFAULT CHARSET=utf8mb4 COLLATE=utf8mb4_unicode_ci;
/*!40101 SET character_set_client = @saved_cs_client */;

--
-- Dumping data for table `oauth_auth_codes`
--

LOCK TABLES `oauth_auth_codes` WRITE;
/*!40000 ALTER TABLE `oauth_auth_codes` DISABLE KEYS */;
/*!40000 ALTER TABLE `oauth_auth_codes` ENABLE KEYS */;
UNLOCK TABLES;

--
-- Table structure for table `oauth_clients`
--

DROP TABLE IF EXISTS `oauth_clients`;
/*!40101 SET @saved_cs_client     = @@character_set_client */;
/*!50503 SET character_set_client = utf8mb4 */;
CREATE TABLE `oauth_clients` (
  `id` bigint unsigned NOT NULL AUTO_INCREMENT,
  `user_id` bigint unsigned DEFAULT NULL,
  `name` varchar(255) CHARACTER SET utf8mb4 COLLATE utf8mb4_unicode_ci NOT NULL,
  `secret` varchar(100) CHARACTER SET utf8mb4 COLLATE utf8mb4_unicode_ci DEFAULT NULL,
  `provider` varchar(255) CHARACTER SET utf8mb4 COLLATE utf8mb4_unicode_ci DEFAULT NULL,
  `redirect` text CHARACTER SET utf8mb4 COLLATE utf8mb4_unicode_ci NOT NULL,
  `personal_access_client` tinyint(1) NOT NULL,
  `password_client` tinyint(1) NOT NULL,
  `revoked` tinyint(1) NOT NULL,
  `created_at` timestamp NULL DEFAULT NULL,
  `updated_at` timestamp NULL DEFAULT NULL,
  PRIMARY KEY (`id`),
  KEY `oauth_clients_user_id_index` (`user_id`)
) ENGINE=InnoDB AUTO_INCREMENT=5 DEFAULT CHARSET=utf8mb4 COLLATE=utf8mb4_unicode_ci;
/*!40101 SET character_set_client = @saved_cs_client */;

--
-- Dumping data for table `oauth_clients`
--

LOCK TABLES `oauth_clients` WRITE;
/*!40000 ALTER TABLE `oauth_clients` DISABLE KEYS */;
INSERT INTO `oauth_clients` VALUES (1,NULL,'Observested Personal Access Client','hjcQbzdb61A3tm2yIZFwhSBzTm5lBrhnoEKw5bmD',NULL,'http://localhost',1,0,0,'2022-06-11 12:35:18','2022-06-11 12:35:18'),(2,NULL,'Observested Password Grant Client','WgKbwBPeiFIC3hqLaMHvBswFZW3lUkbeOJVewLuE','users','http://localhost',0,1,0,'2022-06-11 12:35:18','2022-06-11 12:35:18'),(3,NULL,'Observested Personal Access Client','kFVGmY95bjOJusaU9WFrPXbNSpU7vJiFYSmrqRau',NULL,'http://localhost',1,0,0,'2022-06-11 12:35:24','2022-06-11 12:35:24'),(4,NULL,'Observested Password Grant Client','wFpl9OYK9uFEAVUb3gGcwJgvctoU1s1B5hVB3dK3','users','http://localhost',0,1,0,'2022-06-11 12:35:24','2022-06-11 12:35:24');
/*!40000 ALTER TABLE `oauth_clients` ENABLE KEYS */;
UNLOCK TABLES;

--
-- Table structure for table `oauth_personal_access_clients`
--

DROP TABLE IF EXISTS `oauth_personal_access_clients`;
/*!40101 SET @saved_cs_client     = @@character_set_client */;
/*!50503 SET character_set_client = utf8mb4 */;
CREATE TABLE `oauth_personal_access_clients` (
  `id` bigint unsigned NOT NULL AUTO_INCREMENT,
  `client_id` bigint unsigned NOT NULL,
  `created_at` timestamp NULL DEFAULT NULL,
  `updated_at` timestamp NULL DEFAULT NULL,
  PRIMARY KEY (`id`)
) ENGINE=InnoDB AUTO_INCREMENT=3 DEFAULT CHARSET=utf8mb4 COLLATE=utf8mb4_unicode_ci;
/*!40101 SET character_set_client = @saved_cs_client */;

--
-- Dumping data for table `oauth_personal_access_clients`
--

LOCK TABLES `oauth_personal_access_clients` WRITE;
/*!40000 ALTER TABLE `oauth_personal_access_clients` DISABLE KEYS */;
INSERT INTO `oauth_personal_access_clients` VALUES (1,1,'2022-06-11 12:35:18','2022-06-11 12:35:18'),(2,3,'2022-06-11 12:35:24','2022-06-11 12:35:24');
/*!40000 ALTER TABLE `oauth_personal_access_clients` ENABLE KEYS */;
UNLOCK TABLES;

--
-- Table structure for table `oauth_refresh_tokens`
--

DROP TABLE IF EXISTS `oauth_refresh_tokens`;
/*!40101 SET @saved_cs_client     = @@character_set_client */;
/*!50503 SET character_set_client = utf8mb4 */;
CREATE TABLE `oauth_refresh_tokens` (
  `id` varchar(100) CHARACTER SET utf8mb4 COLLATE utf8mb4_unicode_ci NOT NULL,
  `access_token_id` varchar(100) CHARACTER SET utf8mb4 COLLATE utf8mb4_unicode_ci NOT NULL,
  `revoked` tinyint(1) NOT NULL,
  `expires_at` datetime DEFAULT NULL,
  PRIMARY KEY (`id`),
  KEY `oauth_refresh_tokens_access_token_id_index` (`access_token_id`)
) ENGINE=InnoDB DEFAULT CHARSET=utf8mb4 COLLATE=utf8mb4_unicode_ci;
/*!40101 SET character_set_client = @saved_cs_client */;

--
-- Dumping data for table `oauth_refresh_tokens`
--

LOCK TABLES `oauth_refresh_tokens` WRITE;
/*!40000 ALTER TABLE `oauth_refresh_tokens` DISABLE KEYS */;
/*!40000 ALTER TABLE `oauth_refresh_tokens` ENABLE KEYS */;
UNLOCK TABLES;

--
-- Table structure for table `personal_access_tokens`
--

DROP TABLE IF EXISTS `personal_access_tokens`;
/*!40101 SET @saved_cs_client     = @@character_set_client */;
/*!50503 SET character_set_client = utf8mb4 */;
CREATE TABLE `personal_access_tokens` (
  `id` bigint unsigned NOT NULL AUTO_INCREMENT,
  `tokenable_type` varchar(255) CHARACTER SET utf8mb4 COLLATE utf8mb4_unicode_ci NOT NULL,
  `tokenable_id` bigint unsigned NOT NULL,
  `name` varchar(255) CHARACTER SET utf8mb4 COLLATE utf8mb4_unicode_ci NOT NULL,
  `token` varchar(64) CHARACTER SET utf8mb4 COLLATE utf8mb4_unicode_ci NOT NULL,
  `abilities` text CHARACTER SET utf8mb4 COLLATE utf8mb4_unicode_ci,
  `last_used_at` timestamp NULL DEFAULT NULL,
  `created_at` timestamp NULL DEFAULT NULL,
  `updated_at` timestamp NULL DEFAULT NULL,
  PRIMARY KEY (`id`),
  UNIQUE KEY `personal_access_tokens_token_unique` (`token`),
  KEY `personal_access_tokens_tokenable_type_tokenable_id_index` (`tokenable_type`,`tokenable_id`)
) ENGINE=InnoDB DEFAULT CHARSET=utf8mb4 COLLATE=utf8mb4_unicode_ci;
/*!40101 SET character_set_client = @saved_cs_client */;

--
-- Dumping data for table `personal_access_tokens`
--

LOCK TABLES `personal_access_tokens` WRITE;
/*!40000 ALTER TABLE `personal_access_tokens` DISABLE KEYS */;
/*!40000 ALTER TABLE `personal_access_tokens` ENABLE KEYS */;
UNLOCK TABLES;

--
-- Table structure for table `places`
--

DROP TABLE IF EXISTS `places`;
/*!40101 SET @saved_cs_client     = @@character_set_client */;
/*!50503 SET character_set_client = utf8mb4 */;
CREATE TABLE `places` (
  `id` bigint unsigned NOT NULL AUTO_INCREMENT,
  `name` varchar(255) CHARACTER SET utf8mb4 COLLATE utf8mb4_unicode_ci NOT NULL,
  `address` varchar(255) CHARACTER SET utf8mb4 COLLATE utf8mb4_unicode_ci NOT NULL,
  `working_hours_start` time NOT NULL,
  `working_hours_end` time NOT NULL,
  `created_at` datetime NOT NULL DEFAULT CURRENT_TIMESTAMP,
  `updated_at` datetime DEFAULT NULL ON UPDATE CURRENT_TIMESTAMP,
  PRIMARY KEY (`id`)
) ENGINE=InnoDB AUTO_INCREMENT=11 DEFAULT CHARSET=utf8mb4 COLLATE=utf8mb4_unicode_ci;
/*!40101 SET character_set_client = @saved_cs_client */;

--
-- Dumping data for table `places`
--

LOCK TABLES `places` WRITE;
/*!40000 ALTER TABLE `places` DISABLE KEYS */;
INSERT INTO `places` VALUES (1,'Romaguera, Stamm and Streich','40657 Adonis Lodge\nFaheyburgh, IL 48541-2317','17:31:31','10:10:04','2022-06-11 12:34:27','2022-06-11 12:34:27'),(2,'Haley-Kilback','494 Pouros Forest Suite 503\nSouth Roxaneburgh, SC 05110','08:16:16','05:33:49','2022-06-11 12:34:27','2022-06-11 12:34:27'),(3,'Beahan, Stokes and Boyer','4771 Arnoldo Mill\nJohnathonburgh, KY 48209-0851','20:49:51','00:09:02','2022-06-11 12:34:27','2022-06-11 12:34:27'),(4,'Abernathy and Sons','354 Hane Extension Suite 678\nLake Allene, OK 20177','19:37:08','03:49:44','2022-06-11 12:34:27','2022-06-11 12:34:27'),(5,'Cremin, Carroll and Schulist','5008 Valentine Center\nJonesburgh, MA 93646','05:59:58','08:10:19','2022-06-11 12:34:27','2022-06-11 12:34:27'),(6,'Christiansen and Sons','48208 Andre Bypass Apt. 001\nEast Delmerberg, KS 70978-9323','22:10:10','09:00:09','2022-06-11 12:34:27','2022-06-11 12:34:27'),(7,'Volkman-Tremblay','52810 Walter Locks\nHunterchester, WI 90709','03:41:29','17:54:48','2022-06-11 12:34:27','2022-06-11 12:34:27'),(8,'Kulas-West','3785 Kautzer Road Apt. 696\nWest Adamfort, NC 05295-4173','18:12:57','04:53:58','2022-06-11 12:34:27','2022-06-11 12:34:27'),(9,'Hackett-Quitzon','91947 Electa Spring\nSouth Lauretta, OH 69302-6310','02:21:03','22:41:14','2022-06-11 12:34:27','2022-06-11 12:34:27'),(10,'Bauch Ltd','709 Adolphus Junctions Suite 095\nTorpchester, MN 01337-5979','04:51:52','19:31:00','2022-06-11 12:34:27','2022-06-11 12:34:27');
/*!40000 ALTER TABLE `places` ENABLE KEYS */;
UNLOCK TABLES;

--
-- Table structure for table `products`
--

DROP TABLE IF EXISTS `products`;
/*!40101 SET @saved_cs_client     = @@character_set_client */;
/*!50503 SET character_set_client = utf8mb4 */;
CREATE TABLE `products` (
  `id` bigint unsigned NOT NULL AUTO_INCREMENT,
  `name` varchar(255) CHARACTER SET utf8mb4 COLLATE utf8mb4_unicode_ci NOT NULL,
  `purchase` double(8,2) NOT NULL,
  `price` double(8,2) NOT NULL,
  `available_amount` int NOT NULL,
  `sold` int NOT NULL,
  `place_id` bigint unsigned NOT NULL,
  `created_at` datetime NOT NULL DEFAULT CURRENT_TIMESTAMP,
  `updated_at` datetime DEFAULT NULL ON UPDATE CURRENT_TIMESTAMP,
  PRIMARY KEY (`id`),
  KEY `products_place_id_foreign` (`place_id`),
  CONSTRAINT `products_place_id_foreign` FOREIGN KEY (`place_id`) REFERENCES `places` (`id`) ON DELETE CASCADE
) ENGINE=InnoDB AUTO_INCREMENT=81 DEFAULT CHARSET=utf8mb4 COLLATE=utf8mb4_unicode_ci;
/*!40101 SET character_set_client = @saved_cs_client */;

--
-- Dumping data for table `products`
--

LOCK TABLES `products` WRITE;
/*!40000 ALTER TABLE `products` DISABLE KEYS */;
INSERT INTO `products` VALUES (1,'Kris, Casper and Bosco',495.00,728.00,67,35,4,'2022-06-11 12:34:29','2022-06-11 12:34:29'),(2,'Nicolas and Sons',458.00,812.00,73,58,1,'2022-06-11 12:34:29','2022-06-11 12:34:29'),(3,'Lind, Goodwin and O\'Connell',204.00,542.00,72,66,6,'2022-06-11 12:34:29','2022-06-11 12:34:29'),(4,'Barrows and Sons',446.00,923.00,28,77,4,'2022-06-11 12:34:29','2022-06-11 12:34:29'),(5,'West and Sons',160.00,874.00,74,74,5,'2022-06-11 12:34:29','2022-06-11 12:34:29'),(6,'Gerlach, Steuber and Morissette',409.00,664.00,19,29,9,'2022-06-11 12:34:29','2022-06-11 12:34:29'),(7,'Gulgowski Group',453.00,619.00,84,31,5,'2022-06-11 12:34:29','2022-06-11 12:34:29'),(8,'Wiegand-Pollich',364.00,731.00,95,86,5,'2022-06-11 12:34:29','2022-06-11 12:34:29'),(9,'Hand-Vandervort',318.00,813.00,46,76,9,'2022-06-11 12:34:29','2022-06-11 12:34:29'),(10,'Dach Group',208.00,590.00,82,16,2,'2022-06-11 12:34:29','2022-06-11 12:34:29'),(11,'Marquardt LLC',52.00,769.00,55,47,4,'2022-06-11 12:34:29','2022-06-11 12:34:29'),(12,'Bogisich, Abshire and Strosin',282.00,621.00,19,61,7,'2022-06-11 12:34:29','2022-06-11 12:34:29'),(13,'Waelchi Group',171.00,987.00,64,30,6,'2022-06-11 12:34:29','2022-06-11 12:34:29'),(14,'Conroy PLC',427.00,637.00,100,81,1,'2022-06-11 12:34:30','2022-06-11 12:34:30'),(15,'Ledner-Tremblay',272.00,829.00,56,41,10,'2022-06-11 12:34:30','2022-06-11 12:34:30'),(16,'Herman PLC',198.00,521.00,42,98,5,'2022-06-11 12:34:30','2022-06-11 12:34:30'),(17,'Wunsch LLC',452.00,511.00,65,40,10,'2022-06-11 12:34:30','2022-06-11 12:34:30'),(18,'Monahan-Doyle',157.00,749.00,60,25,3,'2022-06-11 12:34:30','2022-06-11 12:34:30'),(19,'Carroll PLC',413.00,592.00,41,48,10,'2022-06-11 12:34:30','2022-06-11 12:34:30'),(20,'Conroy and Sons',329.00,784.00,86,60,5,'2022-06-11 12:34:30','2022-06-11 12:34:30'),(21,'Okuneva Inc',333.00,843.00,93,83,5,'2022-06-11 12:34:30','2022-06-11 12:34:30'),(22,'Ritchie Group',475.00,841.00,43,54,5,'2022-06-11 12:34:30','2022-06-11 12:34:30'),(23,'Ebert LLC',250.00,574.00,40,47,6,'2022-06-11 12:34:30','2022-06-11 12:34:30'),(24,'Bergstrom, Ankunding and Kulas',256.00,990.00,100,36,6,'2022-06-11 12:34:30','2022-06-11 12:34:30'),(25,'Bode-Gulgowski',310.00,986.00,53,76,5,'2022-06-11 12:34:30','2022-06-11 12:34:30'),(26,'Kub, Marks and Mante',287.00,700.00,60,54,7,'2022-06-11 12:34:30','2022-06-11 12:34:30'),(27,'Spencer Group',199.00,784.00,29,52,7,'2022-06-11 12:34:30','2022-06-11 12:34:30'),(28,'Zemlak and Sons',347.00,975.00,99,30,8,'2022-06-11 12:34:30','2022-06-11 12:34:30'),(29,'Stokes Ltd',286.00,573.00,12,95,3,'2022-06-11 12:34:30','2022-06-11 12:34:30'),(30,'Bartell, Effertz and Gulgowski',474.00,821.00,98,96,3,'2022-06-11 12:34:30','2022-06-11 12:34:30'),(31,'Kihn, Corkery and Schneider',204.00,960.00,55,79,5,'2022-06-11 12:34:30','2022-06-11 12:34:30'),(32,'Swift, Graham and Ledner',84.00,577.00,34,100,2,'2022-06-11 12:34:30','2022-06-11 12:34:30'),(33,'Johnston, Davis and O\'Hara',219.00,742.00,91,76,10,'2022-06-11 12:34:30','2022-06-11 12:34:30'),(34,'Beier PLC',66.00,725.00,84,94,10,'2022-06-11 12:34:30','2022-06-11 12:34:30'),(35,'Douglas, Toy and Legros',56.00,770.00,55,33,10,'2022-06-11 12:34:30','2022-06-11 12:34:30'),(36,'Raynor, Funk and McCullough',305.00,871.00,25,100,4,'2022-06-11 12:34:30','2022-06-11 12:34:30'),(37,'Treutel, Hoeger and Hagenes',350.00,822.00,88,20,3,'2022-06-11 12:34:30','2022-06-11 12:34:30'),(38,'Watsica PLC',415.00,963.00,83,59,5,'2022-06-11 12:34:30','2022-06-11 12:34:30'),(39,'Hudson LLC',357.00,997.00,24,19,8,'2022-06-11 12:34:30','2022-06-11 12:34:30'),(40,'Goodwin PLC',393.00,521.00,43,76,6,'2022-06-11 12:34:30','2022-06-11 12:34:30'),(41,'Collins, Bernier and Kessler',384.00,760.00,13,88,10,'2022-06-11 12:34:30','2022-06-11 12:34:30'),(42,'Bradtke, Ratke and Shields',308.00,646.00,44,49,3,'2022-06-11 12:34:30','2022-06-11 12:34:30'),(43,'O\'Kon and Sons',251.00,920.00,36,69,5,'2022-06-11 12:34:30','2022-06-11 12:34:30'),(44,'Wolf-Abernathy',110.00,985.00,33,53,9,'2022-06-11 12:34:30','2022-06-11 12:34:30'),(45,'Braun, Dooley and Haag',426.00,809.00,58,86,8,'2022-06-11 12:34:30','2022-06-11 12:34:30'),(46,'Grimes Group',469.00,617.00,28,15,4,'2022-06-11 12:34:30','2022-06-11 12:34:30'),(47,'Konopelski, Pagac and Hamill',286.00,721.00,11,57,4,'2022-06-11 12:34:30','2022-06-11 12:34:30'),(48,'Schumm-Wiegand',396.00,920.00,51,11,9,'2022-06-11 12:34:30','2022-06-11 12:34:30'),(49,'Mayert Inc',226.00,934.00,81,31,4,'2022-06-11 12:34:30','2022-06-11 12:34:30'),(50,'Larson-Mertz',486.00,603.00,67,12,5,'2022-06-11 12:34:30','2022-06-11 12:34:30'),(51,'Marks, Bashirian and Goldner',122.00,547.00,67,77,10,'2022-06-11 12:34:30','2022-06-11 12:34:30'),(52,'Padberg Inc',477.00,786.00,91,10,10,'2022-06-11 12:34:30','2022-06-11 12:34:30'),(53,'Schiller Ltd',453.00,956.00,45,53,2,'2022-06-11 12:34:30','2022-06-11 12:34:30'),(54,'Senger Inc',190.00,675.00,85,40,6,'2022-06-11 12:34:30','2022-06-11 12:34:30'),(55,'Willms-Miller',211.00,802.00,56,56,4,'2022-06-11 12:34:30','2022-06-11 12:34:30'),(56,'Pacocha, Spinka and Nikolaus',179.00,682.00,72,76,2,'2022-06-11 12:34:30','2022-06-11 12:34:30'),(57,'Wolff, Cronin and Corkery',479.00,635.00,91,55,4,'2022-06-11 12:34:30','2022-06-11 12:34:30'),(58,'Keebler Group',263.00,811.00,24,40,4,'2022-06-11 12:34:30','2022-06-11 12:34:30'),(59,'Wilkinson, Donnelly and Jast',423.00,841.00,53,80,10,'2022-06-11 12:34:30','2022-06-11 12:34:30'),(60,'Zemlak-Pouros',244.00,731.00,23,46,8,'2022-06-11 12:34:30','2022-06-11 12:34:30'),(61,'Bogan-Rau',162.00,725.00,28,63,4,'2022-06-11 12:34:30','2022-06-11 12:34:30'),(62,'Schroeder Inc',158.00,512.00,64,100,1,'2022-06-11 12:34:30','2022-06-11 12:34:30'),(63,'Hane-Bruen',128.00,636.00,20,88,5,'2022-06-11 12:34:30','2022-06-11 12:34:30'),(64,'Hahn PLC',397.00,589.00,59,83,4,'2022-06-11 12:34:30','2022-06-11 12:34:30'),(65,'Langosh, Little and Bashirian',385.00,690.00,96,76,5,'2022-06-11 12:34:30','2022-06-11 12:34:30'),(66,'Konopelski Inc',250.00,522.00,14,47,3,'2022-06-11 12:34:30','2022-06-11 12:34:30'),(67,'Zieme, Volkman and Batz',101.00,581.00,33,81,3,'2022-06-11 12:34:30','2022-06-11 12:34:30'),(68,'Marks, Conn and Rogahn',70.00,581.00,98,37,6,'2022-06-11 12:34:30','2022-06-11 12:34:30'),(69,'Ritchie-Herman',259.00,808.00,28,82,2,'2022-06-11 12:34:30','2022-06-11 12:34:30'),(70,'Jaskolski, McCullough and Huel',396.00,918.00,75,50,10,'2022-06-11 12:34:30','2022-06-11 12:34:30'),(71,'Ward, Hodkiewicz and Yundt',335.00,556.00,35,18,6,'2022-06-11 12:34:30','2022-06-11 12:34:30'),(72,'Greenholt, Hoppe and Hammes',461.00,667.00,19,73,10,'2022-06-11 12:34:30','2022-06-11 12:34:30'),(73,'Kiehn, Reichert and O\'Keefe',401.00,741.00,56,69,9,'2022-06-11 12:34:30','2022-06-11 12:34:30'),(74,'Wyman, Wintheiser and Kilback',312.00,636.00,65,87,7,'2022-06-11 12:34:30','2022-06-11 12:34:30'),(75,'Hintz-Becker',461.00,813.00,19,55,2,'2022-06-11 12:34:30','2022-06-11 12:34:30'),(76,'Kertzmann-Huel',85.00,505.00,10,81,1,'2022-06-11 12:34:30','2022-06-11 12:34:30'),(77,'O\'Keefe, Boyer and Runte',426.00,511.00,19,49,9,'2022-06-11 12:34:30','2022-06-11 12:34:30'),(78,'Block-Wintheiser',234.00,820.00,63,99,7,'2022-06-11 12:34:30','2022-06-11 12:34:30'),(79,'Schamberger Ltd',279.00,759.00,58,83,1,'2022-06-11 12:34:30','2022-06-11 12:34:30'),(80,'Kuphal Group',103.00,869.00,24,65,8,'2022-06-11 12:34:30','2022-06-11 12:34:30');
/*!40000 ALTER TABLE `products` ENABLE KEYS */;
UNLOCK TABLES;

--
-- Table structure for table `users`
--

DROP TABLE IF EXISTS `users`;
/*!40101 SET @saved_cs_client     = @@character_set_client */;
/*!50503 SET character_set_client = utf8mb4 */;
CREATE TABLE `users` (
  `id` bigint unsigned NOT NULL AUTO_INCREMENT,
  `name` varchar(255) CHARACTER SET utf8mb4 COLLATE utf8mb4_unicode_ci NOT NULL,
  `surname` varchar(255) CHARACTER SET utf8mb4 COLLATE utf8mb4_unicode_ci NOT NULL,
  `email` varchar(255) CHARACTER SET utf8mb4 COLLATE utf8mb4_unicode_ci NOT NULL,
  `password` varchar(255) CHARACTER SET utf8mb4 COLLATE utf8mb4_unicode_ci DEFAULT NULL,
  `role` varchar(255) CHARACTER SET utf8mb4 COLLATE utf8mb4_unicode_ci NOT NULL DEFAULT 'admin',
  `created_at` datetime NOT NULL DEFAULT CURRENT_TIMESTAMP,
  `updated_at` datetime DEFAULT NULL ON UPDATE CURRENT_TIMESTAMP,
  PRIMARY KEY (`id`)
) ENGINE=InnoDB AUTO_INCREMENT=12 DEFAULT CHARSET=utf8mb4 COLLATE=utf8mb4_unicode_ci;
/*!40101 SET character_set_client = @saved_cs_client */;

--
-- Dumping data for table `users`
--

LOCK TABLES `users` WRITE;
/*!40000 ALTER TABLE `users` DISABLE KEYS */;
INSERT INTO `users` VALUES (1,'','','kuptsov210@gmail.com','$2y$10$GVyyKUb6NRrD3iXadp32Tuhm87ODypR0D5cqrmAW4OVZML5mfG0m.','admin','2022-06-11 12:34:11','2022-06-11 12:34:11'),(2,'Melvina','Thiel','bulah02@example.org','$2y$10$Qia5zkXH5a/yoCpV27bglOVPFJkxz3Af60KvlPlBdxXnR9dXVVJyK','admin','2022-06-11 12:34:28','2022-06-11 12:34:28'),(3,'Kimberly','Raynor','ckertzmann@example.org','$2y$10$iOpB2wkHYps7UKOYJgCWdu860IL35veS69zF.UxFULcsM1.Rkw3hW','manager','2022-06-11 12:34:28','2022-06-11 12:34:28'),(4,'Nathanael','Hyatt','shanny.mayer@example.net','$2y$10$Ix0/QIbPcuDe7MLFBRjC8..fIoWzN5HTMfQd8IS4UMLubi4yYk7D.','manager','2022-06-11 12:34:28','2022-06-11 12:34:28'),(5,'Joshua','Schmeler','little.bulah@example.org','$2y$10$7df0QZjtylKEt7Mc9kvpuOTqQdOVUXPtDgovdkGQ23LDjv7Vw8rqS','admin','2022-06-11 12:34:28','2022-06-11 12:34:28'),(6,'Flo','Ernser','daija.durgan@example.net','$2y$10$iFqj6C98wFG7hRfe4d.cuOkZkFK4g.XkvX0mDX2NbVihlFmW1.BmO','manager','2022-06-11 12:34:28','2022-06-11 12:34:28'),(7,'Lorenz','Kris','jackson.batz@example.org','$2y$10$hPScygQ.PGqc9wcQUgX7vuO7kbGBz6tqTxzM/rKymxn1Gc59kw7ne','manager','2022-06-11 12:34:28','2022-06-11 12:34:28'),(8,'Orlo','Larson','schneider.lizzie@example.org','$2y$10$Svs3Aii6DWB5UsM6pjjQ1uOqcESk9ltMOv7nZQnRDMlV3h26L9E5G','manager','2022-06-11 12:34:28','2022-06-11 12:34:28'),(9,'Patsy','Halvorson','grimes.devan@example.com','$2y$10$97o2Ea2nbQBYbtxUvPSHiuh3yL7tOJYAhNxWZ/iDlagga2xIdWchq','admin','2022-06-11 12:34:28','2022-06-11 12:34:28'),(10,'Vicenta','Daugherty','oberbrunner.chelsie@example.org','$2y$10$DQV.uqlv98hJUQ2adpYHjOhhkFnLjdsqMWK/v13B.gVC4GB1K8Bp6','admin','2022-06-11 12:34:28','2022-06-11 12:34:28'),(11,'Hettie','Koepp','araceli.raynor@example.net','$2y$10$z0VoNR3DGyXjr95hZgKZ0OxVJPw5CfYMjgExTmI8uMKb7kyJzAAq2','admin','2022-06-11 12:34:28','2022-06-11 12:34:28');
/*!40000 ALTER TABLE `users` ENABLE KEYS */;
UNLOCK TABLES;

--
-- Table structure for table `users_places`
--

DROP TABLE IF EXISTS `users_places`;
/*!40101 SET @saved_cs_client     = @@character_set_client */;
/*!50503 SET character_set_client = utf8mb4 */;
CREATE TABLE `users_places` (
  `id` bigint unsigned NOT NULL AUTO_INCREMENT,
  `user_id` bigint unsigned NOT NULL,
  `place_id` bigint unsigned NOT NULL,
  `role` varchar(255) CHARACTER SET utf8mb4 COLLATE utf8mb4_unicode_ci NOT NULL,
  `created_at` datetime NOT NULL DEFAULT CURRENT_TIMESTAMP,
  `updated_at` datetime DEFAULT NULL ON UPDATE CURRENT_TIMESTAMP,
  PRIMARY KEY (`id`),
  KEY `users_places_user_id_foreign` (`user_id`),
  KEY `users_places_place_id_foreign` (`place_id`),
  CONSTRAINT `users_places_place_id_foreign` FOREIGN KEY (`place_id`) REFERENCES `places` (`id`) ON DELETE CASCADE,
  CONSTRAINT `users_places_user_id_foreign` FOREIGN KEY (`user_id`) REFERENCES `users` (`id`) ON DELETE CASCADE
) ENGINE=InnoDB AUTO_INCREMENT=61 DEFAULT CHARSET=utf8mb4 COLLATE=utf8mb4_unicode_ci;
/*!40101 SET character_set_client = @saved_cs_client */;

--
-- Dumping data for table `users_places`
--

LOCK TABLES `users_places` WRITE;
/*!40000 ALTER TABLE `users_places` DISABLE KEYS */;
INSERT INTO `users_places` VALUES (1,1,3,'admin','2022-06-11 12:34:31',NULL),(2,1,7,'admin','2022-06-11 12:34:31',NULL),(3,1,8,'admin','2022-06-11 12:34:31',NULL),(4,1,9,'admin','2022-06-11 12:34:31',NULL),(5,2,2,'admin','2022-06-11 12:34:31',NULL),(6,2,3,'admin','2022-06-11 12:34:31',NULL),(7,2,4,'admin','2022-06-11 12:34:31',NULL),(8,2,7,'admin','2022-06-11 12:34:31',NULL),(9,2,9,'admin','2022-06-11 12:34:31',NULL),(10,3,1,'manager','2022-06-11 12:34:31',NULL),(11,3,2,'manager','2022-06-11 12:34:31',NULL),(12,3,3,'manager','2022-06-11 12:34:31',NULL),(13,3,4,'manager','2022-06-11 12:34:31',NULL),(14,3,5,'manager','2022-06-11 12:34:31',NULL),(15,3,6,'manager','2022-06-11 12:34:31',NULL),(16,3,7,'manager','2022-06-11 12:34:31',NULL),(17,3,8,'manager','2022-06-11 12:34:31',NULL),(18,3,9,'manager','2022-06-11 12:34:31',NULL),(19,3,10,'manager','2022-06-11 12:34:31',NULL),(20,4,7,'manager','2022-06-11 12:34:31',NULL),(21,5,1,'admin','2022-06-11 12:34:31',NULL),(22,5,2,'admin','2022-06-11 12:34:31',NULL),(23,5,4,'admin','2022-06-11 12:34:31',NULL),(24,5,5,'admin','2022-06-11 12:34:31',NULL),(25,5,6,'admin','2022-06-11 12:34:31',NULL),(26,5,7,'admin','2022-06-11 12:34:31',NULL),(27,5,8,'admin','2022-06-11 12:34:31',NULL),(28,5,9,'admin','2022-06-11 12:34:31',NULL),(29,6,1,'manager','2022-06-11 12:34:31',NULL),(30,6,3,'manager','2022-06-11 12:34:31',NULL),(31,6,4,'manager','2022-06-11 12:34:31',NULL),(32,6,5,'manager','2022-06-11 12:34:31',NULL),(33,6,6,'manager','2022-06-11 12:34:31',NULL),(34,6,8,'manager','2022-06-11 12:34:31',NULL),(35,6,9,'manager','2022-06-11 12:34:31',NULL),(36,6,10,'manager','2022-06-11 12:34:31',NULL),(37,7,1,'manager','2022-06-11 12:34:31',NULL),(38,7,3,'manager','2022-06-11 12:34:31',NULL),(39,7,4,'manager','2022-06-11 12:34:31',NULL),(40,7,5,'manager','2022-06-11 12:34:31',NULL),(41,7,6,'manager','2022-06-11 12:34:31',NULL),(42,7,8,'manager','2022-06-11 12:34:31',NULL),(43,7,9,'manager','2022-06-11 12:34:31',NULL),(44,8,1,'manager','2022-06-11 12:34:31',NULL),(45,8,6,'manager','2022-06-11 12:34:31',NULL),(46,8,7,'manager','2022-06-11 12:34:31',NULL),(47,8,8,'manager','2022-06-11 12:34:31',NULL),(48,8,9,'manager','2022-06-11 12:34:31',NULL),(49,9,2,'admin','2022-06-11 12:34:31',NULL),(50,10,1,'admin','2022-06-11 12:34:31',NULL),(51,10,4,'admin','2022-06-11 12:34:31',NULL),(52,10,5,'admin','2022-06-11 12:34:31',NULL),(53,10,7,'admin','2022-06-11 12:34:31',NULL),(54,10,8,'admin','2022-06-11 12:34:31',NULL),(55,10,9,'admin','2022-06-11 12:34:31',NULL),(56,10,10,'admin','2022-06-11 12:34:31',NULL),(57,11,2,'admin','2022-06-11 12:34:31',NULL),(58,11,6,'admin','2022-06-11 12:34:31',NULL),(59,11,7,'admin','2022-06-11 12:34:31',NULL),(60,11,9,'admin','2022-06-11 12:34:31',NULL);
/*!40000 ALTER TABLE `users_places` ENABLE KEYS */;
UNLOCK TABLES;
/*!40103 SET TIME_ZONE=@OLD_TIME_ZONE */;

/*!40101 SET SQL_MODE=@OLD_SQL_MODE */;
/*!40014 SET FOREIGN_KEY_CHECKS=@OLD_FOREIGN_KEY_CHECKS */;
/*!40014 SET UNIQUE_CHECKS=@OLD_UNIQUE_CHECKS */;
/*!40101 SET CHARACTER_SET_CLIENT=@OLD_CHARACTER_SET_CLIENT */;
/*!40101 SET CHARACTER_SET_RESULTS=@OLD_CHARACTER_SET_RESULTS */;
/*!40101 SET COLLATION_CONNECTION=@OLD_COLLATION_CONNECTION */;
/*!40111 SET SQL_NOTES=@OLD_SQL_NOTES */;

-- Dump completed on 2022-06-11 15:07:11
